ecosystem,name,constraint,manifest,scope
gem,activesupport,'~> 8.0' # Required for deep_dup in packet.rb,openc3/openc3.gemspec,runtime
gem,anycable,'~> 1.6',openc3-cosmos-cmd-tlm-api/Gemfile,gemfile
gem,anycable,'~> 1.6',openc3-cosmos-script-runner-api/Gemfile,gemfile
gem,anycable-rails,'~> 1.6',openc3-cosmos-cmd-tlm-api/Gemfile,gemfile
gem,anycable-rails,'~> 1.6',openc3-cosmos-script-runner-api/Gemfile,gemfile
gem,argon2,'~> 2.3',openc3/openc3.gemspec,runtime
gem,argon2,"'~> 2.3', '>= 2.3.2'",openc3/Gemfile,gemfile
gem,aws-sdk-s3,'< 2',openc3/openc3.gemspec,runtime
gem,base64,,openc3/test/integration/tsdb/ruby/Gemfile,gemfile
gem,benchmark-ips,'~> 2.9',openc3/openc3.gemspec,development
gem,bigdecimal,,openc3/test/integration/tsdb/ruby/Gemfile,gemfile
gem,bootsnap,"'>= 1.9.3', require: false",openc3-cosmos-cmd-tlm-api/Gemfile,gemfile
gem,bootsnap,"'>= 1.9.3', require: false",openc3-cosmos-script-runner-api/Gemfile,gemfile
gem,bootsnap,"'>= 1.9.3', require: false",openc3/Gemfile,gemfile
gem,byebug,"platforms: [:mri, :windows]",openc3-cosmos-cmd-tlm-api/Gemfile,gemfile
gem,byebug,"platforms: [:mri, :windows]",openc3-cosmos-script-runner-api/Gemfile,gemfile
gem,cbor,'~> 0.5.10',openc3/openc3.gemspec,runtime
gem,childprocess,'~> 5.0',openc3/openc3.gemspec,runtime
gem,connection_pool,'~> 3.0',openc3/openc3.gemspec,runtime
gem,csv,'~> 3.3',openc3/openc3.gemspec,runtime
gem,dotenv,,Gemfile,gemfile
gem,down,"'~> 5.4', '>= 5.4.2'",openc3-cosmos-cmd-tlm-api/Gemfile,gemfile
gem,drb,,openc3/test/integration/tsdb/ruby/Gemfile,gemfile
gem,equivalent-xml,'~> 0.6.0',openc3/openc3.gemspec,development
gem,erb,'~> 6.0',openc3/openc3.gemspec,runtime
gem,faraday,'~> 2.7',openc3/openc3.gemspec,runtime
gem,faraday-follow_redirects,'~> 0.3',openc3/openc3.gemspec,development
gem,faraday-follow_redirects,'~> 0.3',openc3/openc3.gemspec,runtime
gem,faraday-multipart,'~> 1.0',openc3/openc3.gemspec,runtime
gem,ffi,'~> 1.15' # Required by childprocess on Windows,openc3/openc3.gemspec,runtime
gem,fiddle,'~> 1.1',openc3/openc3.gemspec,runtime
gem,flay,'~> 2.12',openc3/openc3.gemspec,development
gem,flog,'~> 4.6',openc3/openc3.gemspec,development
gem,hiredis-client,'~> 0.22',openc3/openc3.gemspec,runtime
gem,json,'~> 2.14' # Breaking change in 2.14 for require 'json/add/string',openc3/openc3.gemspec,runtime
gem,jsonpath,'~> 1.1',openc3/openc3.gemspec,runtime
gem,listen,'~> 3.7',openc3/openc3.gemspec,development
gem,listen,'~> 3.9',openc3/openc3.gemspec,runtime
gem,matrix,'~> 0.4',openc3/openc3.gemspec,runtime
gem,mock_redis,'~> 0.47',openc3-cosmos-cmd-tlm-api/Gemfile,gemfile
gem,mock_redis,'~> 0.47',openc3-cosmos-script-runner-api/Gemfile,gemfile
gem,mock_redis,'~> 0.47',openc3/openc3.gemspec,development
gem,mqtt,'~> 0.7',openc3/openc3.gemspec,runtime
gem,mutex_m,,openc3/test/integration/tsdb/ruby/Gemfile,gemfile
gem,nokogiri,'~> 1.14',openc3/openc3.gemspec,runtime
gem,openc3,'7.2.0',openc3-cosmos-cmd-tlm-api/Gemfile,gemfile
gem,openc3,'7.2.0',openc3-cosmos-script-runner-api/Gemfile,gemfile
gem,openc3,:path => ENV['OPENC3_DEVEL'],openc3-cosmos-cmd-tlm-api/Gemfile,gemfile
gem,openc3,:path => ENV['OPENC3_DEVEL'],openc3-cosmos-script-runner-api/Gemfile,gemfile
gem,openc3,:path => ENV['OPENC3_PATH'],openc3-cosmos-cmd-tlm-api/Gemfile,gemfile
gem,openc3,:path => ENV['OPENC3_PATH'],openc3-cosmos-script-runner-api/Gemfile,gemfile
gem,openc3,path: '../../../..',openc3/test/integration/tsdb/ruby/Gemfile,gemfile
gem,opentelemetry-exporter-otlp,'~> 0.24',openc3/openc3.gemspec,runtime
gem,opentelemetry-instrumentation-action_pack,'~> 0.2',openc3/openc3.gemspec,runtime
gem,opentelemetry-instrumentation-aws_sdk,'~> 0.3',openc3/openc3.gemspec,runtime
gem,opentelemetry-instrumentation-faraday,'~> 0.23',openc3/openc3.gemspec,runtime
gem,opentelemetry-instrumentation-rack,'~> 0.21',openc3/openc3.gemspec,runtime
gem,opentelemetry-instrumentation-redis,'~> 0.24',openc3/openc3.gemspec,runtime
gem,opentelemetry-sdk,'~> 1.2',openc3/openc3.gemspec,runtime
gem,ostruct,'~> 0.6',openc3/openc3.gemspec,runtime
gem,pg,'~> 1.5',openc3/openc3.gemspec,runtime
gem,prism,'~> 1.3',openc3/openc3.gemspec,runtime
gem,prometheus-client,'~> 4.0',openc3-cosmos-cmd-tlm-api/Gemfile,gemfile
gem,prometheus-client,'~> 4.0',openc3-cosmos-script-runner-api/Gemfile,gemfile
gem,psych,'~> 5.0',openc3/openc3.gemspec,runtime
gem,puma,'~> 8.0',openc3/openc3.gemspec,runtime
gem,rack,'~> 3.1',openc3/openc3.gemspec,runtime
gem,rack-cors,'~> 3.0',openc3-cosmos-cmd-tlm-api/Gemfile,gemfile
gem,rack-cors,'~> 3.0',openc3-cosmos-script-runner-api/Gemfile,gemfile
gem,rack-cors,'~> 3.0',openc3/Gemfile,gemfile
gem,rackup,'~> 2.1',openc3/openc3.gemspec,runtime
gem,rails,'~> 8.1.0',openc3-cosmos-cmd-tlm-api/Gemfile,gemfile
gem,rails,'~> 8.1.0',openc3-cosmos-script-runner-api/Gemfile,gemfile
gem,rails,'~> 8.1.0',openc3/Gemfile,gemfile
gem,rails_semantic_logger,'~> 4.17',openc3-cosmos-cmd-tlm-api/Gemfile,gemfile
gem,rails_semantic_logger,'~> 4.17',openc3-cosmos-script-runner-api/Gemfile,gemfile
gem,rake,'~> 13.0',openc3/openc3.gemspec,runtime
gem,rdoc,'~> 7.0',openc3/openc3.gemspec,runtime
gem,redis,'~> 5.4',openc3/openc3.gemspec,runtime
gem,reek,'~> 6.0',openc3/openc3.gemspec,development
gem,resolv-replace,'~> 0.2',openc3/openc3.gemspec,runtime
gem,rexml,'3.4.4' # 3.4.2 throws an error. See https://github.com/ruby/rexml/issues/287,openc3/openc3.gemspec,development
gem,rexml,'~> 3.4',openc3-cosmos-cmd-tlm-api/Gemfile,gemfile
gem,rexml,'~> 3.4',openc3-cosmos-script-runner-api/Gemfile,gemfile
gem,rspec,,openc3-cosmos-script-runner-api/Gemfile,gemfile
gem,rspec,'~> 3.10',openc3/openc3.gemspec,development
gem,rspec,'~> 3.12',openc3/test/integration/tsdb/ruby/Gemfile,gemfile
gem,rspec-rails,'~> 8.0',openc3-cosmos-cmd-tlm-api/Gemfile,gemfile
gem,rspec-rails,'~> 8.0',openc3-cosmos-script-runner-api/Gemfile,gemfile
gem,rspec-rails,'~> 8.0',openc3/openc3.gemspec,development
gem,rspec_junit_formatter,'~> 0.4',openc3/openc3.gemspec,development
gem,rubocop,,Gemfile,gemfile
gem,rubocop-packaging,,Gemfile,gemfile
gem,rubocop-performance,,Gemfile,gemfile
gem,rubocop-rails,,Gemfile,gemfile
gem,ruby-prof,'~> 2.0' if RUBY_ENGINE == 'ruby' # MRI Only,openc3/openc3.gemspec,development
gem,ruby-termios,'>= 1.0',openc3/Gemfile,gemfile
gem,rubyzip,'~> 3.0',openc3/openc3.gemspec,runtime
gem,rufus-scheduler,'~> 3.8',openc3/openc3.gemspec,runtime
gem,simplecov,'~> 0.22',openc3-cosmos-cmd-tlm-api/Gemfile,gemfile
gem,simplecov,'~> 0.22',openc3-cosmos-script-runner-api/Gemfile,gemfile
gem,simplecov,'~> 0.22',openc3/openc3.gemspec,development
gem,simplecov-cobertura,'~> 3.0',openc3-cosmos-cmd-tlm-api/Gemfile,gemfile
gem,simplecov-cobertura,'~> 3.0',openc3-cosmos-script-runner-api/Gemfile,gemfile
gem,simplecov-cobertura,'~> 3.0',openc3/openc3.gemspec,development
gem,simplecov_json_formatter,'~> 0.1',openc3/openc3.gemspec,development
gem,tzinfo-data,,openc3-cosmos-cmd-tlm-api/Gemfile,gemfile
gem,tzinfo-data,,openc3-cosmos-script-runner-api/Gemfile,gemfile
gem,tzinfo-data,,openc3/Gemfile,gemfile
gem,tzinfo-data,'~> 1.2023',openc3/openc3.gemspec,runtime
gem,uuidtools,'~> 3.0',openc3/openc3.gemspec,runtime
gem,webrick,'~> 1.8',openc3/openc3.gemspec,runtime
gem,websocket,'~> 1.2',openc3/openc3.gemspec,runtime
gem,websocket-native,'~> 1.0',openc3/openc3.gemspec,runtime
gem,yard,'~> 0.9',openc3/openc3.gemspec,runtime
npm,@anycable/web,1.1.1,openc3-cosmos-init/plugins/packages/openc3-js-common/package.json,runtime
npm,@astrouxds/astro-web-components,7.27.0,openc3-cosmos-init/plugins/packages/openc3-cosmos-demo/package.json,runtime
npm,@astrouxds/astro-web-components,7.27.0,openc3-cosmos-init/plugins/packages/openc3-cosmos-tool-admin/package.json,runtime
npm,@astrouxds/astro-web-components,7.27.0,openc3-cosmos-init/plugins/packages/openc3-cosmos-tool-bucketexplorer/package.json,runtime
npm,@astrouxds/astro-web-components,7.27.0,openc3-cosmos-init/plugins/packages/openc3-cosmos-tool-cmdsender/package.json,runtime
npm,@astrouxds/astro-web-components,7.27.0,openc3-cosmos-init/plugins/packages/openc3-cosmos-tool-cmdtlmserver/package.json,runtime
npm,@astrouxds/astro-web-components,7.27.0,openc3-cosmos-init/plugins/packages/openc3-cosmos-tool-dataextractor/package.json,runtime
npm,@astrouxds/astro-web-components,7.27.0,openc3-cosmos-init/plugins/packages/openc3-cosmos-tool-dataviewer/package.json,runtime
npm,@astrouxds/astro-web-components,7.27.0,openc3-cosmos-init/plugins/packages/openc3-cosmos-tool-handbooks/package.json,runtime
npm,@astrouxds/astro-web-components,7.27.0,openc3-cosmos-init/plugins/packages/openc3-cosmos-tool-iframe/package.json,runtime
npm,@astrouxds/astro-web-components,7.27.0,openc3-cosmos-init/plugins/packages/openc3-cosmos-tool-limitsmonitor/package.json,runtime
npm,@astrouxds/astro-web-components,7.27.0,openc3-cosmos-init/plugins/packages/openc3-cosmos-tool-packetviewer/package.json,runtime
npm,@astrouxds/astro-web-components,7.27.0,openc3-cosmos-init/plugins/packages/openc3-cosmos-tool-scriptrunner/package.json,runtime
npm,@astrouxds/astro-web-components,7.27.0,openc3-cosmos-init/plugins/packages/openc3-cosmos-tool-tablemanager/package.json,runtime
npm,@astrouxds/astro-web-components,7.27.0,openc3-cosmos-init/plugins/packages/openc3-cosmos-tool-tlmgrapher/package.json,runtime
npm,@astrouxds/astro-web-components,7.27.0,openc3-cosmos-init/plugins/packages/openc3-cosmos-tool-tlmviewer/package.json,runtime
npm,@astrouxds/astro-web-components,7.27.0,openc3-cosmos-init/plugins/packages/openc3-js-common/package.json,runtime
npm,@astrouxds/astro-web-components,7.27.0,openc3-cosmos-init/plugins/packages/openc3-tool-base/package.json,runtime
npm,@astrouxds/astro-web-components,7.27.0,openc3-cosmos-init/plugins/packages/openc3-vue-common/package.json,runtime
npm,@babel/plugin-transform-modules-systemjs,7.29.7,openc3-cosmos-init/plugins/packages/openc3-tool-base/package.json,development
npm,@braintree/sanitize-url,7.1.2,openc3-cosmos-init/plugins/packages/openc3-cosmos-tool-iframe/package.json,runtime
npm,@braintree/sanitize-url,7.1.2,openc3-cosmos-init/plugins/packages/openc3-vue-common/package.json,runtime
npm,@dagrejs/dagre,3.0.0,openc3-cosmos-init/plugins/packages/openc3-cosmos-tool-cmdtlmserver/package.json,runtime
npm,@docusaurus/core,^3.10.1,docs.openc3.com/package.json,runtime
npm,@docusaurus/faster,^3.10.1,docs.openc3.com/package.json,runtime
npm,@docusaurus/module-type-aliases,^3.10.1,docs.openc3.com/package.json,development
npm,@docusaurus/plugin-client-redirects,^3.10.1,docs.openc3.com/package.json,runtime
npm,@docusaurus/plugin-content-docs,^3.10.1,docs.openc3.com/package.json,runtime
npm,@docusaurus/preset-classic,^3.10.1,docs.openc3.com/package.json,runtime
npm,@docusaurus/theme-common,^3.10.1,docs.openc3.com/package.json,runtime
npm,@docusaurus/types,^3.10.1,docs.openc3.com/package.json,development
npm,@mdx-js/react,3.1.1,docs.openc3.com/package.json,runtime
npm,@playwright/test,1.60.0,playwright/package.json,runtime
npm,@rushstack/eslint-patch,1.16.1,openc3-cosmos-init/plugins/packages/openc3-cosmos-demo/package.json,development
npm,@rushstack/eslint-patch,1.16.1,openc3-cosmos-init/plugins/packages/openc3-cosmos-tool-cmdsender/package.json,development
npm,@types/node,^25.9.1,playwright/package.json,development
npm,@types/systemjs,6.15.4,openc3-cosmos-init/plugins/packages/openc3-tool-base/package.json,development
npm,@vitejs/plugin-vue,6.0.7,openc3-cosmos-init/plugins/packages/openc3-cosmos-demo/package.json,development
npm,@vitejs/plugin-vue,6.0.7,openc3-cosmos-init/plugins/packages/openc3-cosmos-tool-admin/package.json,development
npm,@vitejs/plugin-vue,6.0.7,openc3-cosmos-init/plugins/packages/openc3-cosmos-tool-bucketexplorer/package.json,development
npm,@vitejs/plugin-vue,6.0.7,openc3-cosmos-init/plugins/packages/openc3-cosmos-tool-cmdsender/package.json,development
npm,@vitejs/plugin-vue,6.0.7,openc3-cosmos-init/plugins/packages/openc3-cosmos-tool-cmdtlmserver/package.json,development
npm,@vitejs/plugin-vue,6.0.7,openc3-cosmos-init/plugins/packages/openc3-cosmos-tool-dataextractor/package.json,development
npm,@vitejs/plugin-vue,6.0.7,openc3-cosmos-init/plugins/packages/openc3-cosmos-tool-dataviewer/package.json,development
npm,@vitejs/plugin-vue,6.0.7,openc3-cosmos-init/plugins/packages/openc3-cosmos-tool-handbooks/package.json,development
npm,@vitejs/plugin-vue,6.0.7,openc3-cosmos-init/plugins/packages/openc3-cosmos-tool-iframe/package.json,development
npm,@vitejs/plugin-vue,6.0.7,openc3-cosmos-init/plugins/packages/openc3-cosmos-tool-limitsmonitor/package.json,development
npm,@vitejs/plugin-vue,6.0.7,openc3-cosmos-init/plugins/packages/openc3-cosmos-tool-packetviewer/package.json,development
npm,@vitejs/plugin-vue,6.0.7,openc3-cosmos-init/plugins/packages/openc3-cosmos-tool-scriptrunner/package.json,development
npm,@vitejs/plugin-vue,6.0.7,openc3-cosmos-init/plugins/packages/openc3-cosmos-tool-tablemanager/package.json,development
npm,@vitejs/plugin-vue,6.0.7,openc3-cosmos-init/plugins/packages/openc3-cosmos-tool-tlmgrapher/package.json,development
npm,@vitejs/plugin-vue,6.0.7,openc3-cosmos-init/plugins/packages/openc3-cosmos-tool-tlmviewer/package.json,development
npm,@vitejs/plugin-vue,6.0.7,openc3-cosmos-init/plugins/packages/openc3-tool-base/package.json,development
npm,@vitejs/plugin-vue,6.0.7,openc3-cosmos-init/plugins/packages/openc3-vue-common/package.json,development
npm,@vue-flow/background,1.3.2,openc3-cosmos-init/plugins/packages/openc3-cosmos-tool-cmdtlmserver/package.json,runtime
npm,@vue-flow/controls,1.1.3,openc3-cosmos-init/plugins/packages/openc3-cosmos-tool-cmdtlmserver/package.json,runtime
npm,@vue-flow/core,1.48.2,openc3-cosmos-init/plugins/packages/openc3-cosmos-tool-cmdtlmserver/package.json,runtime
npm,@vue-flow/minimap,1.5.4,openc3-cosmos-init/plugins/packages/openc3-cosmos-tool-cmdtlmserver/package.json,runtime
npm,@vue-flow/node-resizer,1.5.1,openc3-cosmos-init/plugins/packages/openc3-cosmos-tool-cmdtlmserver/package.json,runtime
npm,@vue-flow/node-toolbar,1.1.1,openc3-cosmos-init/plugins/packages/openc3-cosmos-tool-cmdtlmserver/package.json,runtime
npm,@vue/eslint-config-prettier,10.2.0,openc3-cosmos-init/plugins/package.json,development
npm,ace-builds,1.44.0,openc3-cosmos-init/plugins/packages/openc3-cosmos-tool-cmdsender/package.json,runtime
npm,ace-builds,1.44.0,openc3-cosmos-init/plugins/packages/openc3-cosmos-tool-scriptrunner/package.json,runtime
npm,ace-builds,1.44.0,openc3-cosmos-init/plugins/packages/openc3-cosmos-tool-tlmviewer/package.json,runtime
npm,ace-builds,1.44.0,openc3-cosmos-init/plugins/packages/openc3-vue-common/package.json,runtime
npm,ace-diff,4.0.0,openc3-cosmos-init/plugins/packages/openc3-vue-common/package.json,runtime
npm,axios,1.16.1,openc3-cosmos-init/plugins/packages/openc3-cosmos-tool-bucketexplorer/package.json,runtime
npm,axios,1.16.1,openc3-cosmos-init/plugins/packages/openc3-cosmos-tool-cmdsender/package.json,runtime
npm,axios,1.16.1,openc3-cosmos-init/plugins/packages/openc3-cosmos-tool-cmdtlmserver/package.json,runtime
npm,axios,1.16.1,openc3-cosmos-init/plugins/packages/openc3-cosmos-tool-dataextractor/package.json,runtime
npm,axios,1.16.1,openc3-cosmos-init/plugins/packages/openc3-cosmos-tool-dataviewer/package.json,runtime
npm,axios,1.16.1,openc3-cosmos-init/plugins/packages/openc3-cosmos-tool-handbooks/package.json,runtime
npm,axios,1.16.1,openc3-cosmos-init/plugins/packages/openc3-cosmos-tool-iframe/package.json,runtime
npm,axios,1.16.1,openc3-cosmos-init/plugins/packages/openc3-cosmos-tool-limitsmonitor/package.json,runtime
npm,axios,1.16.1,openc3-cosmos-init/plugins/packages/openc3-cosmos-tool-packetviewer/package.json,runtime
npm,axios,1.16.1,openc3-cosmos-init/plugins/packages/openc3-cosmos-tool-scriptrunner/package.json,runtime
npm,axios,1.16.1,openc3-cosmos-init/plugins/packages/openc3-cosmos-tool-tablemanager/package.json,runtime
npm,axios,1.16.1,openc3-cosmos-init/plugins/packages/openc3-cosmos-tool-tlmgrapher/package.json,runtime
npm,axios,1.16.1,openc3-cosmos-init/plugins/packages/openc3-cosmos-tool-tlmviewer/package.json,runtime
npm,axios,1.16.1,openc3-cosmos-init/plugins/packages/openc3-js-common/package.json,runtime
npm,axios,1.16.1,openc3-cosmos-init/plugins/packages/openc3-tool-base/package.json,runtime
npm,axios,1.16.1,openc3-cosmos-init/plugins/packages/openc3-vue-common/package.json,runtime
npm,binary-search,1.3.6,openc3-cosmos-init/plugins/packages/openc3-cosmos-tool-tlmgrapher/package.json,runtime
npm,binary-search,1.3.6,openc3-cosmos-init/plugins/packages/openc3-cosmos-tool-tlmviewer/package.json,runtime
npm,binary-search,1.3.6,openc3-cosmos-init/plugins/packages/openc3-js-common/package.json,runtime
npm,binary-search,1.3.6,openc3-cosmos-init/plugins/packages/openc3-vue-common/package.json,runtime
npm,cheerio,^1.2.0,docs.openc3.com/package.json,runtime
npm,clsx,^2.1.1,docs.openc3.com/package.json,runtime
npm,date-fns,4.3.0,openc3-cosmos-init/plugins/packages/openc3-cosmos-tool-bucketexplorer/package.json,runtime
npm,date-fns,4.3.0,openc3-cosmos-init/plugins/packages/openc3-cosmos-tool-cmdsender/package.json,runtime
npm,date-fns,4.3.0,openc3-cosmos-init/plugins/packages/openc3-cosmos-tool-cmdtlmserver/package.json,runtime
npm,date-fns,4.3.0,openc3-cosmos-init/plugins/packages/openc3-cosmos-tool-dataextractor/package.json,runtime
npm,date-fns,4.3.0,openc3-cosmos-init/plugins/packages/openc3-cosmos-tool-dataviewer/package.json,runtime
npm,date-fns,4.3.0,openc3-cosmos-init/plugins/packages/openc3-cosmos-tool-handbooks/package.json,runtime
npm,date-fns,4.3.0,openc3-cosmos-init/plugins/packages/openc3-cosmos-tool-iframe/package.json,runtime
npm,date-fns,4.3.0,openc3-cosmos-init/plugins/packages/openc3-cosmos-tool-limitsmonitor/package.json,runtime
npm,date-fns,4.3.0,openc3-cosmos-init/plugins/packages/openc3-cosmos-tool-packetviewer/package.json,runtime
npm,date-fns,4.3.0,openc3-cosmos-init/plugins/packages/openc3-cosmos-tool-scriptrunner/package.json,runtime
npm,date-fns,4.3.0,openc3-cosmos-init/plugins/packages/openc3-cosmos-tool-tablemanager/package.json,runtime
npm,date-fns,4.3.0,openc3-cosmos-init/plugins/packages/openc3-cosmos-tool-tlmgrapher/package.json,runtime
npm,date-fns,4.3.0,openc3-cosmos-init/plugins/packages/openc3-cosmos-tool-tlmviewer/package.json,runtime
npm,date-fns,4.3.0,openc3-cosmos-init/plugins/packages/openc3-js-common/package.json,runtime
npm,date-fns,4.3.0,openc3-cosmos-init/plugins/packages/openc3-tool-base/package.json,runtime
npm,date-fns,4.3.0,openc3-cosmos-init/plugins/packages/openc3-vue-common/package.json,runtime
npm,date-fns,4.3.0,playwright/package.json,runtime
npm,date-fns-tz,3.2.0,openc3-cosmos-init/plugins/packages/openc3-js-common/package.json,runtime
npm,date-fns-tz,3.2.0,openc3-cosmos-init/plugins/packages/openc3-vue-common/package.json,runtime
npm,dompurify,3.4.7,openc3-cosmos-init/plugins/packages/openc3-vue-common/package.json,runtime
npm,eslint,10.4.0,openc3-cosmos-init/plugins/package.json,development
npm,eslint-plugin-vue,10.9.1,openc3-cosmos-init/plugins/package.json,development
npm,eslint-plugin-vuetify,2.7.2,openc3-cosmos-init/plugins/package.json,development
npm,globals,17.6.0,openc3-cosmos-init/plugins/package.json,development
npm,import-map-overrides,6.1.0,openc3-cosmos-init/plugins/packages/openc3-tool-base/package.json,runtime
npm,jszip,^3.10.1,playwright/package.json,runtime
npm,lodash,4.18.1,openc3-cosmos-init/plugins/packages/openc3-cosmos-tool-bucketexplorer/package.json,runtime
npm,lodash,4.18.1,openc3-cosmos-init/plugins/packages/openc3-cosmos-tool-dataviewer/package.json,runtime
npm,lodash,4.18.1,openc3-cosmos-init/plugins/packages/openc3-cosmos-tool-handbooks/package.json,runtime
npm,lodash,4.18.1,openc3-cosmos-init/plugins/packages/openc3-cosmos-tool-iframe/package.json,runtime
npm,lodash,4.18.1,openc3-cosmos-init/plugins/packages/openc3-cosmos-tool-limitsmonitor/package.json,runtime
npm,lodash,4.18.1,openc3-cosmos-init/plugins/packages/openc3-cosmos-tool-packetviewer/package.json,runtime
npm,lodash,4.18.1,openc3-cosmos-init/plugins/packages/openc3-cosmos-tool-scriptrunner/package.json,runtime
npm,lodash,4.18.1,openc3-cosmos-init/plugins/packages/openc3-cosmos-tool-tablemanager/package.json,runtime
npm,lodash,4.18.1,openc3-cosmos-init/plugins/packages/openc3-cosmos-tool-tlmgrapher/package.json,runtime
npm,lodash,4.18.1,openc3-cosmos-init/plugins/packages/openc3-cosmos-tool-tlmviewer/package.json,runtime
npm,lodash,4.18.1,openc3-cosmos-init/plugins/packages/openc3-js-common/package.json,runtime
npm,lodash,4.18.1,openc3-cosmos-init/plugins/packages/openc3-vue-common/package.json,runtime
npm,lossless-json,4.3.0,openc3-cosmos-init/plugins/packages/openc3-js-common/package.json,runtime
npm,minisearch,^7.1.1,docs.openc3.com/package.json,runtime
npm,muuri,0.9.5,openc3-cosmos-init/plugins/packages/openc3-cosmos-tool-tlmgrapher/package.json,runtime
npm,muuri,0.9.5,openc3-cosmos-init/plugins/packages/openc3-cosmos-tool-tlmviewer/package.json,runtime
npm,nyc,^18.0.0,playwright/package.json,runtime
npm,pinia,3.0.4,openc3-cosmos-init/plugins/packages/openc3-tool-base/package.json,peer
npm,pinia,3.0.4,openc3-cosmos-init/plugins/packages/openc3-vue-common/package.json,runtime
npm,prettier,3.8.3,openc3-cosmos-init/plugins/packages/openc3-cosmos-demo/package.json,development
npm,prettier,3.8.3,openc3-cosmos-init/plugins/packages/openc3-cosmos-tool-admin/package.json,development
npm,prettier,3.8.3,openc3-cosmos-init/plugins/packages/openc3-cosmos-tool-bucketexplorer/package.json,development
npm,prettier,3.8.3,openc3-cosmos-init/plugins/packages/openc3-cosmos-tool-cmdsender/package.json,development
npm,prettier,3.8.3,openc3-cosmos-init/plugins/packages/openc3-cosmos-tool-cmdtlmserver/package.json,development
npm,prettier,3.8.3,openc3-cosmos-init/plugins/packages/openc3-cosmos-tool-dataextractor/package.json,development
npm,prettier,3.8.3,openc3-cosmos-init/plugins/packages/openc3-cosmos-tool-dataviewer/package.json,development
npm,prettier,3.8.3,openc3-cosmos-init/plugins/packages/openc3-cosmos-tool-handbooks/package.json,development
npm,prettier,3.8.3,openc3-cosmos-init/plugins/packages/openc3-cosmos-tool-iframe/package.json,development
npm,prettier,3.8.3,openc3-cosmos-init/plugins/packages/openc3-cosmos-tool-limitsmonitor/package.json,development
npm,prettier,3.8.3,openc3-cosmos-init/plugins/packages/openc3-cosmos-tool-packetviewer/package.json,development
npm,prettier,3.8.3,openc3-cosmos-init/plugins/packages/openc3-cosmos-tool-scriptrunner/package.json,development
npm,prettier,3.8.3,openc3-cosmos-init/plugins/packages/openc3-cosmos-tool-tablemanager/package.json,development
npm,prettier,3.8.3,openc3-cosmos-init/plugins/packages/openc3-cosmos-tool-tlmgrapher/package.json,development
npm,prettier,3.8.3,openc3-cosmos-init/plugins/packages/openc3-cosmos-tool-tlmviewer/package.json,development
npm,prettier,3.8.3,openc3-cosmos-init/plugins/packages/openc3-js-common/package.json,development
npm,prettier,3.8.3,openc3-cosmos-init/plugins/packages/openc3-tool-base/package.json,development
npm,prettier,3.8.3,openc3-cosmos-init/plugins/packages/openc3-vue-common/package.json,development
npm,prettier,^3.8.3,playwright/package.json,runtime
npm,prop-types,^15.8.1,docs.openc3.com/package.json,runtime
npm,react,19.2.6,docs.openc3.com/package.json,runtime
npm,react-dom,19.2.6,docs.openc3.com/package.json,runtime
npm,sass,1.100.0,openc3-cosmos-init/plugins/packages/openc3-cosmos-demo/package.json,development
npm,sass,1.100.0,openc3-cosmos-init/plugins/packages/openc3-cosmos-tool-admin/package.json,development
npm,sass,1.100.0,openc3-cosmos-init/plugins/packages/openc3-cosmos-tool-bucketexplorer/package.json,development
npm,sass,1.100.0,openc3-cosmos-init/plugins/packages/openc3-cosmos-tool-cmdsender/package.json,development
npm,sass,1.100.0,openc3-cosmos-init/plugins/packages/openc3-cosmos-tool-cmdtlmserver/package.json,development
npm,sass,1.100.0,openc3-cosmos-init/plugins/packages/openc3-cosmos-tool-dataextractor/package.json,development
npm,sass,1.100.0,openc3-cosmos-init/plugins/packages/openc3-cosmos-tool-dataviewer/package.json,development
npm,sass,1.100.0,openc3-cosmos-init/plugins/packages/openc3-cosmos-tool-handbooks/package.json,development
npm,sass,1.100.0,openc3-cosmos-init/plugins/packages/openc3-cosmos-tool-iframe/package.json,development
npm,sass,1.100.0,openc3-cosmos-init/plugins/packages/openc3-cosmos-tool-limitsmonitor/package.json,development
npm,sass,1.100.0,openc3-cosmos-init/plugins/packages/openc3-cosmos-tool-packetviewer/package.json,development
npm,sass,1.100.0,openc3-cosmos-init/plugins/packages/openc3-cosmos-tool-scriptrunner/package.json,development
npm,sass,1.100.0,openc3-cosmos-init/plugins/packages/openc3-cosmos-tool-tablemanager/package.json,development
npm,sass,1.100.0,openc3-cosmos-init/plugins/packages/openc3-cosmos-tool-tlmgrapher/package.json,development
npm,sass,1.100.0,openc3-cosmos-init/plugins/packages/openc3-cosmos-tool-tlmviewer/package.json,development
npm,sass,1.100.0,openc3-cosmos-init/plugins/packages/openc3-js-common/package.json,runtime
npm,sass,1.100.0,openc3-cosmos-init/plugins/packages/openc3-tool-base/package.json,development
npm,sass,1.100.0,openc3-cosmos-init/plugins/packages/openc3-vue-common/package.json,runtime
npm,semver,7.8.1,openc3-cosmos-init/plugins/packages/openc3-vue-common/package.json,runtime
npm,single-spa,6.0.3,openc3-cosmos-init/plugins/packages/openc3-tool-base/package.json,peer
npm,single-spa,6.0.3,openc3-cosmos-init/plugins/packages/openc3-vue-common/package.json,runtime
npm,single-spa-vue,3.0.1,openc3-cosmos-init/plugins/packages/openc3-cosmos-tool-admin/package.json,runtime
npm,single-spa-vue,3.0.1,openc3-cosmos-init/plugins/packages/openc3-cosmos-tool-bucketexplorer/package.json,runtime
npm,single-spa-vue,3.0.1,openc3-cosmos-init/plugins/packages/openc3-cosmos-tool-cmdsender/package.json,runtime
npm,single-spa-vue,3.0.1,openc3-cosmos-init/plugins/packages/openc3-cosmos-tool-cmdtlmserver/package.json,runtime
npm,single-spa-vue,3.0.1,openc3-cosmos-init/plugins/packages/openc3-cosmos-tool-dataextractor/package.json,runtime
npm,single-spa-vue,3.0.1,openc3-cosmos-init/plugins/packages/openc3-cosmos-tool-dataviewer/package.json,runtime
npm,single-spa-vue,3.0.1,openc3-cosmos-init/plugins/packages/openc3-cosmos-tool-handbooks/package.json,runtime
npm,single-spa-vue,3.0.1,openc3-cosmos-init/plugins/packages/openc3-cosmos-tool-iframe/package.json,runtime
npm,single-spa-vue,3.0.1,openc3-cosmos-init/plugins/packages/openc3-cosmos-tool-limitsmonitor/package.json,runtime
npm,single-spa-vue,3.0.1,openc3-cosmos-init/plugins/packages/openc3-cosmos-tool-packetviewer/package.json,runtime
npm,single-spa-vue,3.0.1,openc3-cosmos-init/plugins/packages/openc3-cosmos-tool-scriptrunner/package.json,runtime
npm,single-spa-vue,3.0.1,openc3-cosmos-init/plugins/packages/openc3-cosmos-tool-tablemanager/package.json,runtime
npm,single-spa-vue,3.0.1,openc3-cosmos-init/plugins/packages/openc3-cosmos-tool-tlmgrapher/package.json,runtime
npm,single-spa-vue,3.0.1,openc3-cosmos-init/plugins/packages/openc3-cosmos-tool-tlmviewer/package.json,runtime
npm,sortablejs,1.15.7,openc3-cosmos-init/plugins/packages/openc3-js-common/package.json,runtime
npm,sortablejs,1.15.7,openc3-cosmos-init/plugins/packages/openc3-vue-common/package.json,runtime
npm,splitpanes,4.1.2,openc3-cosmos-init/plugins/packages/openc3-cosmos-tool-scriptrunner/package.json,runtime
npm,splitpanes,4.1.2,openc3-cosmos-init/plugins/packages/openc3-vue-common/package.json,runtime
npm,sprintf-js,1.1.3,openc3-cosmos-init/plugins/packages/openc3-cosmos-tool-bucketexplorer/package.json,runtime
npm,sprintf-js,1.1.3,openc3-cosmos-init/plugins/packages/openc3-cosmos-tool-cmdsender/package.json,runtime
npm,sprintf-js,1.1.3,openc3-cosmos-init/plugins/packages/openc3-cosmos-tool-cmdtlmserver/package.json,runtime
npm,sprintf-js,1.1.3,openc3-cosmos-init/plugins/packages/openc3-cosmos-tool-dataextractor/package.json,runtime
npm,sprintf-js,1.1.3,openc3-cosmos-init/plugins/packages/openc3-cosmos-tool-dataviewer/package.json,runtime
npm,sprintf-js,1.1.3,openc3-cosmos-init/plugins/packages/openc3-cosmos-tool-handbooks/package.json,runtime
npm,sprintf-js,1.1.3,openc3-cosmos-init/plugins/packages/openc3-cosmos-tool-iframe/package.json,runtime
npm,sprintf-js,1.1.3,openc3-cosmos-init/plugins/packages/openc3-cosmos-tool-limitsmonitor/package.json,runtime
npm,sprintf-js,1.1.3,openc3-cosmos-init/plugins/packages/openc3-cosmos-tool-packetviewer/package.json,runtime
npm,sprintf-js,1.1.3,openc3-cosmos-init/plugins/packages/openc3-cosmos-tool-scriptrunner/package.json,runtime
npm,sprintf-js,1.1.3,openc3-cosmos-init/plugins/packages/openc3-cosmos-tool-tablemanager/package.json,runtime
npm,sprintf-js,1.1.3,openc3-cosmos-init/plugins/packages/openc3-cosmos-tool-tlmgrapher/package.json,runtime
npm,sprintf-js,1.1.3,openc3-cosmos-init/plugins/packages/openc3-cosmos-tool-tlmviewer/package.json,runtime
npm,sprintf-js,1.1.3,openc3-cosmos-init/plugins/packages/openc3-js-common/package.json,runtime
npm,sprintf-js,1.1.3,openc3-cosmos-init/plugins/packages/openc3-vue-common/package.json,runtime
npm,systemjs,6.15.1,openc3-cosmos-init/plugins/packages/openc3-tool-base/package.json,runtime
npm,uplot,1.6.32,openc3-cosmos-init/plugins/packages/openc3-js-common/package.json,runtime
npm,uplot,1.6.32,openc3-cosmos-init/plugins/packages/openc3-vue-common/package.json,runtime
npm,vite,7.3.3,openc3-cosmos-init/plugins/packages/openc3-cosmos-demo/package.json,development
npm,vite,7.3.3,openc3-cosmos-init/plugins/packages/openc3-cosmos-tool-admin/package.json,development
npm,vite,7.3.3,openc3-cosmos-init/plugins/packages/openc3-cosmos-tool-bucketexplorer/package.json,development
npm,vite,7.3.3,openc3-cosmos-init/plugins/packages/openc3-cosmos-tool-cmdsender/package.json,development
npm,vite,7.3.3,openc3-cosmos-init/plugins/packages/openc3-cosmos-tool-cmdtlmserver/package.json,development
npm,vite,7.3.3,openc3-cosmos-init/plugins/packages/openc3-cosmos-tool-dataextractor/package.json,development
npm,vite,7.3.3,openc3-cosmos-init/plugins/packages/openc3-cosmos-tool-dataviewer/package.json,development
npm,vite,7.3.3,openc3-cosmos-init/plugins/packages/openc3-cosmos-tool-handbooks/package.json,development
npm,vite,7.3.3,openc3-cosmos-init/plugins/packages/openc3-cosmos-tool-iframe/package.json,development
npm,vite,7.3.3,openc3-cosmos-init/plugins/packages/openc3-cosmos-tool-limitsmonitor/package.json,development
npm,vite,7.3.3,openc3-cosmos-init/plugins/packages/openc3-cosmos-tool-packetviewer/package.json,development
npm,vite,7.3.3,openc3-cosmos-init/plugins/packages/openc3-cosmos-tool-scriptrunner/package.json,development
npm,vite,7.3.3,openc3-cosmos-init/plugins/packages/openc3-cosmos-tool-tablemanager/package.json,development
npm,vite,7.3.3,openc3-cosmos-init/plugins/packages/openc3-cosmos-tool-tlmgrapher/package.json,development
npm,vite,7.3.3,openc3-cosmos-init/plugins/packages/openc3-cosmos-tool-tlmviewer/package.json,development
npm,vite,7.3.3,openc3-cosmos-init/plugins/packages/openc3-js-common/package.json,development
npm,vite,7.3.3,openc3-cosmos-init/plugins/packages/openc3-tool-base/package.json,development
npm,vite,7.3.3,openc3-cosmos-init/plugins/packages/openc3-vue-common/package.json,development
npm,vite-plugin-style-inject,0.0.1,openc3-cosmos-init/plugins/packages/openc3-cosmos-demo/package.json,development
npm,vue,3.5.35,openc3-cosmos-init/plugins/packages/openc3-cosmos-demo/package.json,development
npm,vue,3.5.35,openc3-cosmos-init/plugins/packages/openc3-cosmos-tool-admin/package.json,development
npm,vue,3.5.35,openc3-cosmos-init/plugins/packages/openc3-cosmos-tool-bucketexplorer/package.json,development
npm,vue,3.5.35,openc3-cosmos-init/plugins/packages/openc3-cosmos-tool-cmdsender/package.json,development
npm,vue,3.5.35,openc3-cosmos-init/plugins/packages/openc3-cosmos-tool-cmdtlmserver/package.json,development
npm,vue,3.5.35,openc3-cosmos-init/plugins/packages/openc3-cosmos-tool-dataextractor/package.json,development
npm,vue,3.5.35,openc3-cosmos-init/plugins/packages/openc3-cosmos-tool-dataviewer/package.json,development
npm,vue,3.5.35,openc3-cosmos-init/plugins/packages/openc3-cosmos-tool-handbooks/package.json,development
npm,vue,3.5.35,openc3-cosmos-init/plugins/packages/openc3-cosmos-tool-iframe/package.json,development
npm,vue,3.5.35,openc3-cosmos-init/plugins/packages/openc3-cosmos-tool-limitsmonitor/package.json,development
npm,vue,3.5.35,openc3-cosmos-init/plugins/packages/openc3-cosmos-tool-packetviewer/package.json,development
npm,vue,3.5.35,openc3-cosmos-init/plugins/packages/openc3-cosmos-tool-scriptrunner/package.json,development
npm,vue,3.5.35,openc3-cosmos-init/plugins/packages/openc3-cosmos-tool-tablemanager/package.json,development
npm,vue,3.5.35,openc3-cosmos-init/plugins/packages/openc3-cosmos-tool-tlmgrapher/package.json,development
npm,vue,3.5.35,openc3-cosmos-init/plugins/packages/openc3-cosmos-tool-tlmviewer/package.json,development
npm,vue,3.5.35,openc3-cosmos-init/plugins/packages/openc3-tool-base/package.json,development
npm,vue,3.5.35,openc3-cosmos-init/plugins/packages/openc3-vue-common/package.json,runtime
npm,vue-eslint-parser,10.4.0,openc3-cosmos-init/plugins/package.json,development
npm,vue-router,4.4.4,openc3-cosmos-init/plugins/packages/openc3-tool-base/package.json,peer
npm,vuetify,4.0.7,openc3-cosmos-init/plugins/packages/openc3-tool-base/package.json,runtime
npm,vuetify,4.0.7,openc3-cosmos-init/plugins/packages/openc3-vue-common/package.json,runtime
pypi,Deprecated,"Deprecated (>=1.2.15,<2.0.0)",openc3/python/pyproject.toml,runtime
pypi,boto3,"boto3 (>=1.36.13,<2.0.0)",openc3/python/pyproject.toml,runtime
pypi,cbor2,"cbor2>=5.6.5,<7.0.0",openc3/python/pyproject.toml,runtime
pypi,coverage,"coverage>=7.10,<8",openc3/python/pyproject.toml,group:dev
pypi,fakeredis,"fakeredis>=2.31,<3",openc3/python/pyproject.toml,group:dev
pypi,jsonpath-ng,"jsonpath-ng (>=1.7.0,<2.0.0)",openc3/python/pyproject.toml,runtime
pypi,lxml,"lxml (>=6.0.0,<7.0.0)",openc3/python/pyproject.toml,runtime
pypi,numpy,"numpy (>= 2.0, < 3.0)",openc3/python/pyproject.toml,runtime
pypi,numpy,numpy==2.4.6,openc3-cosmos-init/plugins/packages/openc3-cosmos-demo/requirements.txt,requirements
pypi,orjson,"orjson>=3.10.0,<4.0.0",openc3/python/pyproject.toml,runtime
pypi,paho-mqtt,"paho-mqtt (>=2.1.0,<3.0.0)",openc3/python/pyproject.toml,runtime
pypi,psycopg,"psycopg[binary,pool] (>=3.2.9,<4.0.0)",openc3/python/pyproject.toml,runtime
pypi,pyserial,pyserial>=3.5,openc3/python/pyproject.toml,runtime
pypi,pytest,"pytest>=9.0,<10",openc3/python/pyproject.toml,group:dev
pypi,pytest-profiling,"pytest-profiling>=1.8,<2",openc3/python/pyproject.toml,group:dev
pypi,questdb,"questdb (>= 4.0.0, < 5.0.0)",openc3/python/pyproject.toml,runtime
pypi,requests,"requests (>=2.32.3,<3.0.0)",openc3/python/pyproject.toml,runtime
pypi,ruff,"ruff>=0.15,<0.16",openc3/python/pyproject.toml,group:dev
pypi,schedule,"schedule (>=1.2.2,<2.0.0)",openc3/python/pyproject.toml,runtime
pypi,valkey,"valkey[libvalkey] (>=6.0.0,<7.0.0)",openc3/python/pyproject.toml,runtime
pypi,watchdog,"watchdog (>=6.0.0,<7.0.0)",openc3/python/pyproject.toml,runtime
pypi,websockets,"websockets (>=16.0,<17.0)",openc3/python/pyproject.toml,runtime
