lockfile,gems
/Gemfile.lock,32
/docs.openc3.com/openc3-cosmos-tool-docs.gemspec,1
/examples/openc3-cosmos-erb-test/openc3-cosmos-erb-test.gemspec,1
/examples/openc3-cosmos-http-example/openc3-cosmos-http-example.gemspec,1
/examples/openc3-cosmos-mqtt-test/openc3-cosmos-mqtt-test.gemspec,1
/openc3-cosmos-cmd-tlm-api/Gemfile.lock,190
/openc3-cosmos-init/plugins/packages/openc3-cosmos-demo/openc3-cosmos-demo.gemspec,1
/openc3-cosmos-init/plugins/packages/openc3-cosmos-tool-admin/openc3-cosmos-tool-admin.gemspec,1
/openc3-cosmos-init/plugins/packages/openc3-cosmos-tool-bucketexplorer/openc3-cosmos-tool-bucketexplorer.gemspec,1
/openc3-cosmos-init/plugins/packages/openc3-cosmos-tool-cmdsender/openc3-cosmos-tool-cmdsender.gemspec,1
/openc3-cosmos-init/plugins/packages/openc3-cosmos-tool-cmdtlmserver/openc3-cosmos-tool-cmdtlmserver.gemspec,1
/openc3-cosmos-init/plugins/packages/openc3-cosmos-tool-dataextractor/openc3-cosmos-tool-dataextractor.gemspec,1
/openc3-cosmos-init/plugins/packages/openc3-cosmos-tool-dataviewer/openc3-cosmos-tool-dataviewer.gemspec,1
/openc3-cosmos-init/plugins/packages/openc3-cosmos-tool-handbooks/openc3-cosmos-tool-handbooks.gemspec,1
/openc3-cosmos-init/plugins/packages/openc3-cosmos-tool-iframe/openc3-cosmos-tool-iframe.gemspec,1
/openc3-cosmos-init/plugins/packages/openc3-cosmos-tool-limitsmonitor/openc3-cosmos-tool-limitsmonitor.gemspec,1
/openc3-cosmos-init/plugins/packages/openc3-cosmos-tool-packetviewer/openc3-cosmos-tool-packetviewer.gemspec,1
/openc3-cosmos-init/plugins/packages/openc3-cosmos-tool-scriptrunner/openc3-cosmos-tool-scriptrunner.gemspec,1
/openc3-cosmos-init/plugins/packages/openc3-cosmos-tool-tablemanager/openc3-cosmos-tool-tablemanager.gemspec,1
/openc3-cosmos-init/plugins/packages/openc3-cosmos-tool-tlmgrapher/openc3-cosmos-tool-tlmgrapher.gemspec,1
/openc3-cosmos-init/plugins/packages/openc3-cosmos-tool-tlmviewer/openc3-cosmos-tool-tlmviewer.gemspec,1
/openc3-cosmos-init/plugins/packages/openc3-tool-base/openc3-tool-base.gemspec,1
/openc3-cosmos-script-runner-api/Gemfile.lock,188
/openc3/Gemfile.lock,191
/openc3/openc3.gemspec,1
/openc3/templates/plugin/plugin.gemspec,1
