ecosystem,name,manifests,owner_count,owners,latest_version,resolved_versions,licenses,install_hooks,maintainer_history,downloads,source_code_uri,repository,author_email_domain,project_urls,error
gem,activesupport,openc3/openc3.gemspec,10,"[""fxn"", ""tenderlove"", ""guilleiguaran"", ""rafaelfranca"", ""cantoniodasilva"", ""matthewd"", ""eileencodes"", ""byroot"", ""jhawthorn"", ""kamipo""]",8.1.4,,"[""MIT""]",gem extensions -> see gemspec (not exposed by API),not available (rubygems.org API exposes current owners only),1439227471,https://github.com/rails/rails/tree/v8.1.4/activesupport,,,,
gem,anycable,openc3-cosmos-cmd-tlm-api/Gemfile;openc3-cosmos-script-runner-api/Gemfile,1,"[""palkan""]",1.6.4,,"[""MIT""]",gem extensions -> see gemspec (not exposed by API),not available (rubygems.org API exposes current owners only),7213634,http://github.com/anycable/anycable-rb,,,,
gem,anycable-rails,openc3-cosmos-cmd-tlm-api/Gemfile;openc3-cosmos-script-runner-api/Gemfile,1,"[""palkan""]",1.6.2,,"[""MIT""]",gem extensions -> see gemspec (not exposed by API),not available (rubygems.org API exposes current owners only),7755021,http://github.com/anycable/anycable-rails,,,,
gem,argon2,openc3/Gemfile;openc3/openc3.gemspec,1,"[""technion""]",2.3.3,,"[""MIT""]",gem extensions -> see gemspec (not exposed by API),not available (rubygems.org API exposes current owners only),4620844,https://github.com/technion/ruby-argon2,,,,
gem,aws-sdk-s3,openc3/openc3.gemspec,0,[],1.232.3,,"[""Apache-2.0""]",gem extensions -> see gemspec (not exposed by API),not available (rubygems.org API exposes current owners only),1111896105,https://github.com/aws/aws-sdk-ruby/tree/version-3/gems/aws-sdk-s3,,,,
gem,base64,openc3/test/integration/tsdb/ruby/Gemfile,2,"[""hsbt"", ""naruse""]",0.3.0,,"[""Ruby"", ""BSD-2-Clause""]",gem extensions -> see gemspec (not exposed by API),not available (rubygems.org API exposes current owners only),529849172,https://github.com/ruby/base64,,,,
gem,benchmark-ips,openc3/openc3.gemspec,2,"[""evan"", ""nateberkopec""]",2.15.1,,"[""MIT""]",gem extensions -> see gemspec (not exposed by API),not available (rubygems.org API exposes current owners only),89445118,https://github.com/evanphx/benchmark-ips,,,,
gem,bigdecimal,openc3/test/integration/tsdb/ruby/Gemfile,3,"[""mrkn"", ""zzak"", ""hsbt""]",4.1.3,,"[""Ruby"", ""BSD-2-Clause""]",gem extensions -> see gemspec (not exposed by API),not available (rubygems.org API exposes current owners only),508497092,https://github.com/ruby/bigdecimal,,,,
gem,bootsnap,openc3-cosmos-cmd-tlm-api/Gemfile;openc3-cosmos-script-runner-api/Gemfile;openc3/Gemfile,8,"[""burkelibbey"", ""rafaelfranca"", ""eileencodes"", ""tenderlove"", ""fxn"", ""webster132"", ""jhawthorn"", ""byroot""]",1.26.0,,"[""MIT""]",gem extensions -> see gemspec (not exposed by API),not available (rubygems.org API exposes current owners only),378960474,https://github.com/rails/bootsnap,,,,
gem,byebug,openc3-cosmos-cmd-tlm-api/Gemfile;openc3-cosmos-script-runner-api/Gemfile,1,"[""deivid""]",13.0.0,,"[""BSD-2-Clause""]",gem extensions -> see gemspec (not exposed by API),not available (rubygems.org API exposes current owners only),481640512,https://github.com/deivid-rodriguez/byebug,,,,
gem,cbor,openc3/openc3.gemspec,1,"[""cabo""]",0.5.10.3,,"[""Apache-2.0""]",gem extensions -> see gemspec (not exposed by API),not available (rubygems.org API exposes current owners only),42366736,http://cbor.io/,,,,
gem,childprocess,openc3/openc3.gemspec,3,"[""jarib"", ""enkessler"", ""sds""]",5.1.0,,"[""MIT""]",gem extensions -> see gemspec (not exposed by API),not available (rubygems.org API exposes current owners only),310416907,https://github.com/enkessler/childprocess,,,,
gem,connection_pool,openc3/openc3.gemspec,2,"[""djanowski"", ""mperham""]",3.0.2,,"[""MIT""]",gem extensions -> see gemspec (not exposed by API),not available (rubygems.org API exposes current owners only),735285909,https://github.com/mperham/connection_pool,,,,
gem,csv,openc3/openc3.gemspec,4,"[""hsbt"", ""kou"", ""mrkn"", ""naruse""]",3.3.6,,"[""Ruby"", ""BSD-2-Clause""]",gem extensions -> see gemspec (not exposed by API),not available (rubygems.org API exposes current owners only),202932701,https://github.com/ruby/csv,,,,
gem,dotenv,Gemfile,4,"[""cadwallion"", ""JessRudder"", ""jonmagic"", ""bkeepers""]",3.2.0,,"[""MIT""]",gem extensions -> see gemspec (not exposed by API),not available (rubygems.org API exposes current owners only),552128850,https://github.com/bkeepers/dotenv,,,,
gem,down,openc3-cosmos-cmd-tlm-api/Gemfile,1,"[""janko""]",5.6.0,,"[""MIT""]",gem extensions -> see gemspec (not exposed by API),not available (rubygems.org API exposes current owners only),46915987,https://github.com/janko/down,,,,
gem,drb,openc3/test/integration/tsdb/ruby/Gemfile,3,"[""hsbt"", ""naruse"", ""kou""]",2.2.3,,"[""Ruby"", ""BSD-2-Clause""]",gem extensions -> see gemspec (not exposed by API),not available (rubygems.org API exposes current owners only),276640553,https://github.com/ruby/drb,,,,
gem,equivalent-xml,openc3/openc3.gemspec,1,"[""mbklein""]",0.6.0,,"[""MIT""]",gem extensions -> see gemspec (not exposed by API),not available (rubygems.org API exposes current owners only),9217074,http://github.com/mbklein/equivalent-xml,,,,
gem,erb,openc3/openc3.gemspec,4,"[""hsbt"", ""naruse"", ""k0kubun"", ""byroot""]",6.0.7,,"[""Ruby"", ""BSD-2-Clause""]",gem extensions -> see gemspec (not exposed by API),not available (rubygems.org API exposes current owners only),121818809,https://github.com/ruby/erb,,,,
gem,faraday,openc3/openc3.gemspec,3,"[""technoweenie"", ""ollejonsson"", ""iMacTia""]",2.14.4,,"[""MIT""]",gem extensions -> see gemspec (not exposed by API),not available (rubygems.org API exposes current owners only),1265378450,https://github.com/lostisland/faraday,,,,
gem,faraday-follow_redirects,openc3/openc3.gemspec,1,"[""tisba""]",0.5.0,,"[""MIT""]",gem extensions -> see gemspec (not exposed by API),not available (rubygems.org API exposes current owners only),76414129,https://github.com/tisba/faraday-follow-redirects,,,,
gem,faraday-multipart,openc3/openc3.gemspec,1,"[""iMacTia""]",1.2.0,,"[""MIT""]",gem extensions -> see gemspec (not exposed by API),not available (rubygems.org API exposes current owners only),400572580,https://github.com/lostisland/faraday-multipart,,,,
gem,ffi,openc3/openc3.gemspec,4,"[""headius"", ""enebo"", ""larskanis"", ""tduehr""]",1.17.4,,"[""BSD-3-Clause""]",gem extensions -> see gemspec (not exposed by API),not available (rubygems.org API exposes current owners only),1093798013,https://github.com/ffi/ffi/,,,,
gem,fiddle,openc3/openc3.gemspec,6,"[""usa"", ""hsbt"", ""nobu"", ""naruse"", ""kou"", ""mrkn""]",1.1.8,,"[""Ruby"", ""BSD-2-Clause""]",gem extensions -> see gemspec (not exposed by API),not available (rubygems.org API exposes current owners only),22645254,https://github.com/ruby/fiddle,,,,
gem,flay,openc3/openc3.gemspec,1,"[""zenspider""]",2.14.4,,"[""MIT""]",gem extensions -> see gemspec (not exposed by API),not available (rubygems.org API exposes current owners only),33769668,https://github.com/seattlerb/flay,,,,
gem,flog,openc3/openc3.gemspec,1,"[""zenspider""]",4.9.4,,"[""MIT""]",gem extensions -> see gemspec (not exposed by API),not available (rubygems.org API exposes current owners only),27954639,https://github.com/seattlerb/flog,,,,
gem,hiredis-client,openc3/openc3.gemspec,1,"[""byroot""]",0.30.1,,"[""MIT""]",gem extensions -> see gemspec (not exposed by API),not available (rubygems.org API exposes current owners only),6135326,https://github.com/redis-rb/redis-client,,,,
gem,json,openc3/openc3.gemspec,5,"[""flori"", ""headius"", ""naruse"", ""hsbt"", ""byroot""]",3.0.2,,"[""Ruby""]",gem extensions -> see gemspec (not exposed by API),not available (rubygems.org API exposes current owners only),1387278168,https://github.com/ruby/json,,,,
gem,jsonpath,openc3/openc3.gemspec,2,"[""joshbuddy"", ""skarlso""]",1.1.5,,"[""MIT""]",gem extensions -> see gemspec (not exposed by API),not available (rubygems.org API exposes current owners only),96235782,https://github.com/joshbuddy/jsonpath,,,,
gem,listen,openc3/openc3.gemspec,4,"[""ColinDKelley"", ""thibaudgg"", ""rymai"", ""ioquatix""]",3.10.0,,"[""MIT""]",gem extensions -> see gemspec (not exposed by API),not available (rubygems.org API exposes current owners only),402945908,https://github.com/guard/listen/tree/v3.10.0,,,,
gem,matrix,openc3/openc3.gemspec,3,"[""hsbt"", ""marcandre"", ""naruse""]",0.4.3,,"[""Ruby"", ""BSD-2-Clause""]",gem extensions -> see gemspec (not exposed by API),not available (rubygems.org API exposes current owners only),179886289,https://github.com/ruby/matrix,,,,
gem,mock_redis,openc3-cosmos-cmd-tlm-api/Gemfile;openc3-cosmos-script-runner-api/Gemfile;openc3/openc3.gemspec,1,"[""sds""]",0.55.0,,"[""MIT""]",gem extensions -> see gemspec (not exposed by API),not available (rubygems.org API exposes current owners only),55503542,https://github.com/sds/mock_redis/tree/v0.55.0,,,,
gem,mqtt,openc3/openc3.gemspec,1,"[""njh""]",0.7.0,,"[""MIT""]",gem extensions -> see gemspec (not exposed by API),not available (rubygems.org API exposes current owners only),5433867,http://github.com/njh/ruby-mqtt,,,,
gem,mutex_m,openc3/test/integration/tsdb/ruby/Gemfile,2,"[""hsbt"", ""naruse""]",0.3.0,,"[""Ruby"", ""BSD-2-Clause""]",gem extensions -> see gemspec (not exposed by API),not available (rubygems.org API exposes current owners only),208046005,https://github.com/ruby/mutex_m,,,,
gem,nokogiri,openc3/openc3.gemspec,3,"[""tenderlove"", ""flavorjones"", ""knu""]",1.19.4,,"[""MIT""]",gem extensions -> see gemspec (not exposed by API),not available (rubygems.org API exposes current owners only),1269411586,https://github.com/sparklemotion/nokogiri,,,,
gem,openc3,openc3-cosmos-cmd-tlm-api/Gemfile;openc3-cosmos-script-runner-api/Gemfile;openc3/test/integration/tsdb/ruby/Gemfile,1,"[""ryanmelt""]",7.4.1,,"[""OpenC3""]",gem extensions -> see gemspec (not exposed by API),not available (rubygems.org API exposes current owners only),85860,https://github.com/OpenC3/cosmos,,,,
gem,opentelemetry-exporter-otlp,openc3/openc3.gemspec,1,"[""opentelemetry-ruby""]",0.36.0,,"[""Apache-2.0""]",gem extensions -> see gemspec (not exposed by API),not available (rubygems.org API exposes current owners only),50323422,https://github.com/open-telemetry/opentelemetry-ruby/tree/opentelemetry-exporter-otlp/v0.36.0/exporter/otlp,,,,
gem,opentelemetry-instrumentation-action_pack,openc3/openc3.gemspec,1,"[""opentelemetry-ruby""]",0.18.1,,"[""Apache-2.0""]",gem extensions -> see gemspec (not exposed by API),not available (rubygems.org API exposes current owners only),45401919,https://github.com/open-telemetry/opentelemetry-ruby-contrib/tree/opentelemetry-instrumentation-action_pack/v0.18.1/instrumentation/action_pack,,,,
gem,opentelemetry-instrumentation-aws_sdk,openc3/openc3.gemspec,1,"[""opentelemetry-ruby""]",0.13.0,,"[""Apache-2.0""]",gem extensions -> see gemspec (not exposed by API),not available (rubygems.org API exposes current owners only),34202315,https://github.com/open-telemetry/opentelemetry-ruby-contrib/tree/opentelemetry-instrumentation-aws_sdk/v0.13.0/instrumentation/aws_sdk,,,,
gem,opentelemetry-instrumentation-faraday,openc3/openc3.gemspec,1,"[""opentelemetry-ruby""]",0.33.0,,"[""Apache-2.0""]",gem extensions -> see gemspec (not exposed by API),not available (rubygems.org API exposes current owners only),41691123,https://github.com/open-telemetry/opentelemetry-ruby-contrib/tree/opentelemetry-instrumentation-faraday/v0.33.0/instrumentation/faraday,,,,
gem,opentelemetry-instrumentation-rack,openc3/openc3.gemspec,1,"[""opentelemetry-ruby""]",0.31.1,,"[""Apache-2.0""]",gem extensions -> see gemspec (not exposed by API),not available (rubygems.org API exposes current owners only),47809305,https://github.com/open-telemetry/opentelemetry-ruby-contrib/tree/opentelemetry-instrumentation-rack/v0.31.1/instrumentation/rack,,,,
gem,opentelemetry-instrumentation-redis,openc3/openc3.gemspec,1,"[""opentelemetry-ruby""]",0.29.0,,"[""Apache-2.0""]",gem extensions -> see gemspec (not exposed by API),not available (rubygems.org API exposes current owners only),40408657,https://github.com/open-telemetry/opentelemetry-ruby-contrib/tree/opentelemetry-instrumentation-redis/v0.29.0/instrumentation/redis,,,,
gem,opentelemetry-sdk,openc3/openc3.gemspec,1,"[""opentelemetry-ruby""]",1.13.1,,"[""Apache-2.0""]",gem extensions -> see gemspec (not exposed by API),not available (rubygems.org API exposes current owners only),62317177,https://github.com/open-telemetry/opentelemetry-ruby/tree/opentelemetry-sdk/v1.13.1/sdk,,,,
gem,ostruct,openc3/openc3.gemspec,3,"[""hsbt"", ""marcandre"", ""naruse""]",0.6.3,,"[""Ruby"", ""BSD-2-Clause""]",gem extensions -> see gemspec (not exposed by API),not available (rubygems.org API exposes current owners only),161881154,https://github.com/ruby/ostruct,,,,
gem,pg,openc3/openc3.gemspec,3,"[""larskanis"", ""ged"", ""jdavis""]",1.6.3,,"[""BSD-2-Clause""]",gem extensions -> see gemspec (not exposed by API),not available (rubygems.org API exposes current owners only),474034124,https://github.com/ged/ruby-pg,,,,
gem,prism,openc3/openc3.gemspec,4,"[""kddnewton"", ""jemmaissroff"", ""tenderlove"", ""eileencodes""]",1.9.0,,"[""MIT""]",gem extensions -> see gemspec (not exposed by API),not available (rubygems.org API exposes current owners only),203955849,https://github.com/ruby/prism,,,,
gem,prometheus-client,openc3-cosmos-cmd-tlm-api/Gemfile;openc3-cosmos-script-runner-api/Gemfile,3,"[""Prometheus"", ""Sinjo"", ""dmagliola""]",5.0.0,,"[""Apache-2.0""]",gem extensions -> see gemspec (not exposed by API),not available (rubygems.org API exposes current owners only),68367679,https://github.com/prometheus/client_ruby,,,,
gem,psych,openc3/openc3.gemspec,3,"[""tenderlove"", ""hsbt"", ""headius""]",5.5.0,,"[""MIT""]",gem extensions -> see gemspec (not exposed by API),not available (rubygems.org API exposes current owners only),246022578,https://github.com/ruby/psych,,,,
gem,puma,openc3/openc3.gemspec,3,"[""evan"", ""schneems"", ""nateberkopec""]",8.0.2,,"[""BSD-3-Clause""]",gem extensions -> see gemspec (not exposed by API),not available (rubygems.org API exposes current owners only),609049205,https://github.com/puma/puma,,,,
gem,rack,openc3/openc3.gemspec,6,"[""chneukirchen"", ""raggi"", ""tenderlove"", ""eileencodes"", ""rafaelfranca"", ""ioquatix""]",3.2.7,,"[""MIT""]",gem extensions -> see gemspec (not exposed by API),not available (rubygems.org API exposes current owners only),1355017399,https://github.com/rack/rack,,,,
gem,rack-cors,openc3-cosmos-cmd-tlm-api/Gemfile;openc3-cosmos-script-runner-api/Gemfile;openc3/Gemfile,1,"[""cyu""]",3.0.0,,"[""MIT""]",gem extensions -> see gemspec (not exposed by API),not available (rubygems.org API exposes current owners only),276710880,https://github.com/cyu/rack-cors,,,,
gem,rackup,openc3/openc3.gemspec,1,"[""ioquatix""]",2.3.1,,"[""MIT""]",gem extensions -> see gemspec (not exposed by API),not available (rubygems.org API exposes current owners only),183862304,https://github.com/rack/rackup.git,,,,
gem,rails,openc3-cosmos-cmd-tlm-api/Gemfile;openc3-cosmos-script-runner-api/Gemfile;openc3/Gemfile,10,"[""fxn"", ""tenderlove"", ""cantoniodasilva"", ""guilleiguaran"", ""rafaelfranca"", ""matthewd"", ""eileencodes"", ""byroot"", ""jhawthorn"", ""kamipo""]",8.1.4,,"[""MIT""]",gem extensions -> see gemspec (not exposed by API),not available (rubygems.org API exposes current owners only),793797593,https://github.com/rails/rails/tree/v8.1.4,,,,
gem,rails_semantic_logger,openc3-cosmos-cmd-tlm-api/Gemfile;openc3-cosmos-script-runner-api/Gemfile,1,"[""reidmorrison""]",5.2.0,,"[""Apache-2.0""]",gem extensions -> see gemspec (not exposed by API),not available (rubygems.org API exposes current owners only),25568753,https://github.com/reidmorrison/rails_semantic_logger/tree/v5.2.0,,,,
gem,rake,openc3/openc3.gemspec,3,"[""jimweirich"", ""drbrain"", ""hsbt""]",13.4.2,,"[""MIT""]",gem extensions -> see gemspec (not exposed by API),not available (rubygems.org API exposes current owners only),1423772701,https://github.com/ruby/rake,,,,
gem,rdoc,openc3/openc3.gemspec,6,"[""drbrain"", ""zzak"", ""hsbt"", ""aycabta"", ""st0012"", ""colby-swandale""]",8.1.0,,"[""Ruby"", ""GPL-2.0-only""]",gem extensions -> see gemspec (not exposed by API),not available (rubygems.org API exposes current owners only),350839011,https://github.com/ruby/rdoc,,,,
gem,redis,openc3/openc3.gemspec,13,"[""soveran"", ""badboy_"", ""byroot"", ""csfrancis"", ""rafaelfranca"", ""Sirupsen"", null, ""fw42"", ""dylanahsmith"", ""djanowski"", ""dmaier-redislabs"", ""elena-redis"", ""vladvildanov""]",6.0.0,,"[""MIT""]",gem extensions -> see gemspec (not exposed by API),not available (rubygems.org API exposes current owners only),585587303,https://github.com/redis/redis-rb/tree/v6.0.0,,,,
gem,reek,openc3/openc3.gemspec,5,"[""kevinrutherford"", ""timo_roessner"", ""mvz"", ""chastell"", ""waldyr""]",6.5.0,,"[""MIT""]",gem extensions -> see gemspec (not exposed by API),not available (rubygems.org API exposes current owners only),39702352,https://github.com/troessner/reek,,,,
gem,resolv-replace,openc3/openc3.gemspec,2,"[""hsbt"", ""naruse""]",0.2.0,,"[""Ruby"", ""BSD-2-Clause""]",gem extensions -> see gemspec (not exposed by API),not available (rubygems.org API exposes current owners only),10353191,https://github.com/ruby/resolv-replace,,,,
gem,rexml,openc3-cosmos-cmd-tlm-api/Gemfile;openc3-cosmos-script-runner-api/Gemfile;openc3/openc3.gemspec,4,"[""mame"", ""hsbt"", ""kou"", ""naruse""]",3.4.4,,"[""BSD-2-Clause""]",gem extensions -> see gemspec (not exposed by API),not available (rubygems.org API exposes current owners only),831668346,https://github.com/ruby/rexml,,,,
gem,rspec,openc3-cosmos-script-runner-api/Gemfile;openc3/openc3.gemspec;openc3/test/integration/tsdb/ruby/Gemfile,1,"[""JonRowe""]",3.13.2,,"[""MIT""]",gem extensions -> see gemspec (not exposed by API),not available (rubygems.org API exposes current owners only),1023582826,https://github.com/rspec/rspec/tree/rspec-v3.13.2/rspec,,,,
gem,rspec-rails,openc3-cosmos-cmd-tlm-api/Gemfile;openc3-cosmos-script-runner-api/Gemfile;openc3/openc3.gemspec,1,"[""JonRowe""]",8.0.4,,"[""MIT""]",gem extensions -> see gemspec (not exposed by API),not available (rubygems.org API exposes current owners only),410295652,https://github.com/rspec/rspec-rails,,,,
gem,rspec_junit_formatter,openc3/openc3.gemspec,1,"[""sj26""]",0.6.0,,"[""MIT""]",gem extensions -> see gemspec (not exposed by API),not available (rubygems.org API exposes current owners only),274033255,https://github.com/sj26/rspec_junit_formatter,,,,
gem,rubocop,Gemfile,4,"[""bbatsov"", ""yujinakayama"", ""Drenmi"", ""koic_ito""]",1.91.0,,"[""MIT""]",gem extensions -> see gemspec (not exposed by API),not available (rubygems.org API exposes current owners only),751478254,https://github.com/rubocop/rubocop/,,,,
gem,rubocop-packaging,Gemfile,2,"[""utkarsh2102"", ""koic_ito""]",0.6.0,,"[""MIT""]",gem extensions -> see gemspec (not exposed by API),not available (rubygems.org API exposes current owners only),5417827,https://github.com/utkarsh2102/rubocop-packaging,,,,
gem,rubocop-performance,Gemfile,2,"[""koic_ito"", ""bbatsov""]",1.27.0,,"[""MIT""]",gem extensions -> see gemspec (not exposed by API),not available (rubygems.org API exposes current owners only),331362275,https://github.com/rubocop/rubocop-performance/,,,,
gem,rubocop-rails,Gemfile,2,"[""koic_ito"", ""bbatsov""]",2.38.0,,"[""MIT""]",gem extensions -> see gemspec (not exposed by API),not available (rubygems.org API exposes current owners only),310208713,https://github.com/rubocop/rubocop-rails/,,,,
gem,ruby-prof,openc3/openc3.gemspec,7,"[""shugo"", ""cfis"", ""bitsweat"", ""harshaw"", ""hboen"", ""rogerdpack"", ""skaes""]",2.0.5,,"[""BSD-2-Clause""]",gem extensions -> see gemspec (not exposed by API),not available (rubygems.org API exposes current owners only),92594849,https://github.com/ruby-prof/ruby-prof/tree/2.0.5,,,,
gem,ruby-termios,openc3/Gemfile,2,"[""tylerrick"", ""akira""]",1.1.0,,"[""Ruby's""]",gem extensions -> see gemspec (not exposed by API),not available (rubygems.org API exposes current owners only),684845,https://github.com/arika/ruby-termios,,,,
gem,rubyzip,openc3/openc3.gemspec,4,"[""rhaines"", ""simonoff"", ""aussiegeek"", ""jdleesmiller""]",3.7.0,,"[""BSD-2-Clause""]",gem extensions -> see gemspec (not exposed by API),not available (rubygems.org API exposes current owners only),792555090,https://github.com/rubyzip/rubyzip/tree/v3.7.0,,,,
gem,rufus-scheduler,openc3/openc3.gemspec,3,"[""jmettraux_"", ""jmettraux"", ""tomaso_tosolini""]",3.9.2,,"[""MIT""]",gem extensions -> see gemspec (not exposed by API),not available (rubygems.org API exposes current owners only),142750044,https://github.com/jmettraux/rufus-scheduler,,,,
gem,simplecov,openc3-cosmos-cmd-tlm-api/Gemfile;openc3-cosmos-script-runner-api/Gemfile;openc3/openc3.gemspec,7,"[""colszowka"", ""sferik"", ""bf4"", ""xaviershay"", ""PragTob"", ""deivid"", ""a_matsuda""]",1.3.1,,"[""MIT""]",gem extensions -> see gemspec (not exposed by API),not available (rubygems.org API exposes current owners only),504167816,https://github.com/simplecov-ruby/simplecov/tree/v1.3.1,,,,
gem,simplecov-cobertura,openc3-cosmos-cmd-tlm-api/Gemfile;openc3-cosmos-script-runner-api/Gemfile;openc3/openc3.gemspec,1,"[""jessebs""]",4.0.0,,"[""Apache-2.0""]",gem extensions -> see gemspec (not exposed by API),not available (rubygems.org API exposes current owners only),69799251,https://github.com/jessebs/simplecov-cobertura,,,,
gem,simplecov_json_formatter,openc3/openc3.gemspec,4,"[""fede-moya"", ""PragTob"", ""ale7714"", ""scottmlarkin""]",0.1.4,,"[""MIT""]",gem extensions -> see gemspec (not exposed by API),not available (rubygems.org API exposes current owners only),273831357,https://github.com/fede-moya/simplecov_json_formatter,,,,
gem,tzinfo-data,openc3-cosmos-cmd-tlm-api/Gemfile;openc3-cosmos-script-runner-api/Gemfile;openc3/Gemfile;openc3/openc3.gemspec,1,"[""PhilRoss""]",1.2026.4,,"[""MIT""]",gem extensions -> see gemspec (not exposed by API),not available (rubygems.org API exposes current owners only),125702533,https://github.com/tzinfo/tzinfo-data,,,,
gem,uuidtools,openc3/openc3.gemspec,1,"[""sporkmonger""]",3.0.0,,"[""Apache-2.0""]",gem extensions -> see gemspec (not exposed by API),not available (rubygems.org API exposes current owners only),99759664,https://github.com/sporkmonger/uuidtools,,,,
gem,webrick,openc3/openc3.gemspec,6,"[""nahi"", ""hsbt"", ""normal"", ""naruse"", ""jeremyevans"", ""nobu""]",1.9.2,,"[""Ruby"", ""BSD-2-Clause""]",gem extensions -> see gemspec (not exposed by API),not available (rubygems.org API exposes current owners only),479267842,https://github.com/ruby/webrick,,,,
gem,websocket,openc3/openc3.gemspec,1,"[""imanel""]",1.2.11,,"[""MIT""]",gem extensions -> see gemspec (not exposed by API),not available (rubygems.org API exposes current owners only),207244201,http://github.com/imanel/websocket-ruby,,,,
gem,websocket-native,openc3/openc3.gemspec,1,"[""imanel""]",1.0.0,,[],gem extensions -> see gemspec (not exposed by API),not available (rubygems.org API exposes current owners only),1055168,http://github.com/imanel/websocket-ruby-native,,,,
gem,yard,openc3/openc3.gemspec,1,"[""lsegal""]",0.9.45,,"[""MIT""]",gem extensions -> see gemspec (not exposed by API),not available (rubygems.org API exposes current owners only),236580929,https://github.com/lsegal/yard,,,,
npm,@anycable/web,openc3-cosmos-init/plugins/packages/openc3-js-common/package.json,2,"[""hellsquirrel"", ""palkan""]",1.1.1,1.1.1,"[""MIT""]",{},not available (npm registry document exposes current maintainers only),,,git+https://github.com/anycable/anycable-client.git,,,
npm,@astrouxds/astro-web-components,openc3-cosmos-init/plugins/packages/openc3-cosmos-demo/package.json;openc3-cosmos-init/plugins/packages/openc3-cosmos-tool-admin/package.json;openc3-cosmos-init/plugins/packages/openc3-cosmos-tool-bucketexplorer/package.json;openc3-cosmos-init/plugins/packages/openc3-cosmos-tool-cmdsender/package.json;openc3-cosmos-init/plugins/packages/openc3-cosmos-tool-cmdtlmserver/package.json;openc3-cosmos-init/plugins/packages/openc3-cosmos-tool-dataextractor/package.json;openc3-cosmos-init/plugins/packages/openc3-cosmos-tool-dataviewer/package.json;openc3-cosmos-init/plugins/packages/openc3-cosmos-tool-handbooks/package.json;openc3-cosmos-init/plugins/packages/openc3-cosmos-tool-iframe/package.json;openc3-cosmos-init/plugins/packages/openc3-cosmos-tool-limitsmonitor/package.json;openc3-cosmos-init/plugins/packages/openc3-cosmos-tool-packetviewer/package.json;openc3-cosmos-init/plugins/packages/openc3-cosmos-tool-scriptrunner/package.json;openc3-cosmos-init/plugins/packages/openc3-cosmos-tool-tablemanager/package.json;openc3-cosmos-init/plugins/packages/openc3-cosmos-tool-tlmgrapher/package.json;openc3-cosmos-init/plugins/packages/openc3-cosmos-tool-tlmviewer/package.json;openc3-cosmos-init/plugins/packages/openc3-js-common/package.json;openc3-cosmos-init/plugins/packages/openc3-tool-base/package.json;openc3-cosmos-init/plugins/packages/openc3-vue-common/package.json,4,"[""ck_rocket"", ""rocket_micah"", ""jacob-rocket"", ""rocket_frances""]",8.0.0,7.27.0,"[""MIT""]",{},not available (npm registry document exposes current maintainers only),,,git+https://github.com/RocketCommunicationsInc/astro.git,,,
npm,@babel/plugin-transform-modules-systemjs,openc3-cosmos-init/plugins/packages/openc3-tool-base/package.json,4,"[""hzoo"", ""existentialism"", ""nicolo-ribaudo"", ""jlhwung""]",8.0.1,7.29.7,"[""MIT""]",{},not available (npm registry document exposes current maintainers only),,,https://github.com/babel/babel.git,,,
npm,@braintree/sanitize-url,openc3-cosmos-init/plugins/packages/openc3-cosmos-tool-iframe/package.json;openc3-cosmos-init/plugins/packages/openc3-vue-common/package.json,1,"[""braintree""]",7.1.2,7.1.2,"[""MIT""]",{},not available (npm registry document exposes current maintainers only),,,git+https://github.com/braintree/sanitize-url.git,,,
npm,@dagrejs/dagre,openc3-cosmos-init/plugins/packages/openc3-cosmos-tool-cmdtlmserver/package.json,3,"[""cpettitt"", ""lutzroeder"", ""davidnewell""]",3.1.1,3.0.0,"[""MIT""]",{},not available (npm registry document exposes current maintainers only),,,git+https://github.com/dagrejs/dagre.git,,,
npm,@docusaurus/core,docs.openc3.com/package.json,4,"[""fb"", ""slorber"", ""lex111"", ""docusaurus-bot""]",3.10.2,3.10.1,"[""MIT""]",{},not available (npm registry document exposes current maintainers only),,,git+https://github.com/facebook/docusaurus.git,,,
npm,@docusaurus/faster,docs.openc3.com/package.json,4,"[""fb"", ""slorber"", ""lex111"", ""docusaurus-bot""]",3.10.2,3.10.1,"[""MIT""]",{},not available (npm registry document exposes current maintainers only),,,git+https://github.com/facebook/docusaurus.git,,,
npm,@docusaurus/module-type-aliases,docs.openc3.com/package.json,4,"[""fb"", ""slorber"", ""lex111"", ""docusaurus-bot""]",3.10.2,3.10.1,"[""MIT""]",{},not available (npm registry document exposes current maintainers only),,,git+https://github.com/facebook/docusaurus.git,,,
npm,@docusaurus/plugin-client-redirects,docs.openc3.com/package.json,4,"[""fb"", ""slorber"", ""lex111"", ""docusaurus-bot""]",3.10.2,3.10.1,"[""MIT""]",{},not available (npm registry document exposes current maintainers only),,,git+https://github.com/facebook/docusaurus.git,,,
npm,@docusaurus/plugin-content-docs,docs.openc3.com/package.json,4,"[""fb"", ""slorber"", ""lex111"", ""docusaurus-bot""]",3.10.2,3.10.1,"[""MIT""]",{},not available (npm registry document exposes current maintainers only),,,git+https://github.com/facebook/docusaurus.git,,,
npm,@docusaurus/preset-classic,docs.openc3.com/package.json,4,"[""fb"", ""slorber"", ""lex111"", ""docusaurus-bot""]",3.10.2,3.10.1,"[""MIT""]",{},not available (npm registry document exposes current maintainers only),,,git+https://github.com/facebook/docusaurus.git,,,
npm,@docusaurus/theme-common,docs.openc3.com/package.json,4,"[""fb"", ""slorber"", ""lex111"", ""docusaurus-bot""]",3.10.2,3.10.1,"[""MIT""]",{},not available (npm registry document exposes current maintainers only),,,git+https://github.com/facebook/docusaurus.git,,,
npm,@docusaurus/types,docs.openc3.com/package.json,4,"[""fb"", ""slorber"", ""lex111"", ""docusaurus-bot""]",3.10.2,3.10.1,"[""MIT""]",{},not available (npm registry document exposes current maintainers only),,,git+https://github.com/facebook/docusaurus.git,,,
npm,@mdx-js/react,docs.openc3.com/package.json,4,"[""johno"", ""timneutkens"", ""wooorm"", ""remcohaszing""]",3.1.1,3.1.1,"[""MIT""]",{},not available (npm registry document exposes current maintainers only),,,git+https://github.com/mdx-js/mdx.git,,,
npm,@playwright/test,playwright/package.json,5,"[""pavelfeldman"", ""yurys"", ""dgozman-ms"", ""microsoft-oss-releases"", ""microsoft1es""]",1.63.0,1.60.0,"[""Apache-2.0""]",{},not available (npm registry document exposes current maintainers only),,,git+https://github.com/microsoft/playwright.git,,,
npm,@rushstack/eslint-patch,openc3-cosmos-init/plugins/packages/openc3-cosmos-demo/package.json;openc3-cosmos-init/plugins/packages/openc3-cosmos-tool-cmdsender/package.json,4,"[""rushstack-admin"", ""odspnpm"", ""octogonz"", ""microsoft1es""]",1.16.1,1.16.1,"[""MIT""]",{},not available (npm registry document exposes current maintainers only),,,git+https://github.com/microsoft/rushstack.git,,,
npm,@types/node,playwright/package.json,1,"[""types""]",26.6.3,17.0.45;25.0.3;25.9.1,"[""MIT""]",{},not available (npm registry document exposes current maintainers only),,,https://github.com/DefinitelyTyped/DefinitelyTyped.git,,,
npm,@types/systemjs,openc3-cosmos-init/plugins/packages/openc3-tool-base/package.json,1,"[""types""]",6.15.4,6.15.4,"[""MIT""]",{},not available (npm registry document exposes current maintainers only),,,https://github.com/DefinitelyTyped/DefinitelyTyped.git,,,
npm,@vitejs/plugin-vue,openc3-cosmos-init/plugins/packages/openc3-cosmos-demo/package.json;openc3-cosmos-init/plugins/packages/openc3-cosmos-tool-admin/package.json;openc3-cosmos-init/plugins/packages/openc3-cosmos-tool-bucketexplorer/package.json;openc3-cosmos-init/plugins/packages/openc3-cosmos-tool-cmdsender/package.json;openc3-cosmos-init/plugins/packages/openc3-cosmos-tool-cmdtlmserver/package.json;openc3-cosmos-init/plugins/packages/openc3-cosmos-tool-dataextractor/package.json;openc3-cosmos-init/plugins/packages/openc3-cosmos-tool-dataviewer/package.json;openc3-cosmos-init/plugins/packages/openc3-cosmos-tool-handbooks/package.json;openc3-cosmos-init/plugins/packages/openc3-cosmos-tool-iframe/package.json;openc3-cosmos-init/plugins/packages/openc3-cosmos-tool-limitsmonitor/package.json;openc3-cosmos-init/plugins/packages/openc3-cosmos-tool-packetviewer/package.json;openc3-cosmos-init/plugins/packages/openc3-cosmos-tool-scriptrunner/package.json;openc3-cosmos-init/plugins/packages/openc3-cosmos-tool-tablemanager/package.json;openc3-cosmos-init/plugins/packages/openc3-cosmos-tool-tlmgrapher/package.json;openc3-cosmos-init/plugins/packages/openc3-cosmos-tool-tlmviewer/package.json;openc3-cosmos-init/plugins/packages/openc3-tool-base/package.json;openc3-cosmos-init/plugins/packages/openc3-vue-common/package.json,2,"[""yyx990803"", ""vitebot""]",6.0.9,6.0.7,"[""MIT""]",{},not available (npm registry document exposes current maintainers only),,,git+https://github.com/vitejs/vite-plugin-vue.git,,,
npm,@vue-flow/background,openc3-cosmos-init/plugins/packages/openc3-cosmos-tool-cmdtlmserver/package.json,1,"[""braks""]",1.3.2,1.3.2,"[""MIT""]",{},not available (npm registry document exposes current maintainers only),,,git+https://github.com/bcakmakoglu/vue-flow/packages/plugins/background,,,
npm,@vue-flow/controls,openc3-cosmos-init/plugins/packages/openc3-cosmos-tool-cmdtlmserver/package.json,1,"[""braks""]",1.1.3,1.1.3,"[""MIT""]",{},not available (npm registry document exposes current maintainers only),,,git+https://github.com/bcakmakoglu/vue-flow/packages/plugins/controls,,,
npm,@vue-flow/core,openc3-cosmos-init/plugins/packages/openc3-cosmos-tool-cmdtlmserver/package.json,1,"[""braks""]",1.48.2,1.48.2,"[""MIT""]",{},not available (npm registry document exposes current maintainers only),,,git+https://github.com/bcakmakoglu/vue-flow.git,,,
npm,@vue-flow/minimap,openc3-cosmos-init/plugins/packages/openc3-cosmos-tool-cmdtlmserver/package.json,1,"[""braks""]",1.5.4,1.5.4,"[""MIT""]",{},not available (npm registry document exposes current maintainers only),,,git+https://github.com/bcakmakoglu/vue-flow/packages/plugins/minimap,,,
npm,@vue-flow/node-resizer,openc3-cosmos-init/plugins/packages/openc3-cosmos-tool-cmdtlmserver/package.json,1,"[""braks""]",1.5.1,1.5.1,"[""MIT""]",{},not available (npm registry document exposes current maintainers only),,,git+https://github.com/bcakmakoglu/vue-flow/packages/plugins/node-resizer,,,
npm,@vue-flow/node-toolbar,openc3-cosmos-init/plugins/packages/openc3-cosmos-tool-cmdtlmserver/package.json,1,"[""braks""]",1.1.1,1.1.1,"[""MIT""]",{},not available (npm registry document exposes current maintainers only),,,git+https://github.com/bcakmakoglu/vue-flow/packages/plugins/node-toolbar,,,
npm,@vue/eslint-config-prettier,openc3-cosmos-init/plugins/package.json,5,"[""akryum"", ""yyx990803"", ""soda"", ""michalsnik"", ""mysticatea""]",10.2.0,10.2.0,"[""MIT""]",{},not available (npm registry document exposes current maintainers only),,,git+https://github.com/vuejs/eslint-config-prettier.git,,,
npm,ace-builds,openc3-cosmos-init/plugins/packages/openc3-cosmos-tool-cmdsender/package.json;openc3-cosmos-init/plugins/packages/openc3-cosmos-tool-scriptrunner/package.json;openc3-cosmos-init/plugins/packages/openc3-cosmos-tool-tlmviewer/package.json;openc3-cosmos-init/plugins/packages/openc3-vue-common/package.json,3,"[""basicer"", ""nightwing"", ""amzn-oss""]",1.44.0,1.44.0,"[""BSD-3-Clause""]",{},not available (npm registry document exposes current maintainers only),,,git+https://github.com/ajaxorg/ace-builds.git,,,
npm,ace-diff,openc3-cosmos-init/plugins/packages/openc3-vue-common/package.json,3,"[""ryanmelt"", ""ryan.pratt"", ""jmthomas""]",4.0.0,4.0.0,"[""MIT""]",{},not available (npm registry document exposes current maintainers only),,,git+https://github.com/ace-diff/ace-diff.git,,,
npm,axios,openc3-cosmos-init/plugins/packages/openc3-cosmos-tool-bucketexplorer/package.json;openc3-cosmos-init/plugins/packages/openc3-cosmos-tool-cmdsender/package.json;openc3-cosmos-init/plugins/packages/openc3-cosmos-tool-cmdtlmserver/package.json;openc3-cosmos-init/plugins/packages/openc3-cosmos-tool-dataextractor/package.json;openc3-cosmos-init/plugins/packages/openc3-cosmos-tool-dataviewer/package.json;openc3-cosmos-init/plugins/packages/openc3-cosmos-tool-handbooks/package.json;openc3-cosmos-init/plugins/packages/openc3-cosmos-tool-iframe/package.json;openc3-cosmos-init/plugins/packages/openc3-cosmos-tool-limitsmonitor/package.json;openc3-cosmos-init/plugins/packages/openc3-cosmos-tool-packetviewer/package.json;openc3-cosmos-init/plugins/packages/openc3-cosmos-tool-scriptrunner/package.json;openc3-cosmos-init/plugins/packages/openc3-cosmos-tool-tablemanager/package.json;openc3-cosmos-init/plugins/packages/openc3-cosmos-tool-tlmgrapher/package.json;openc3-cosmos-init/plugins/packages/openc3-cosmos-tool-tlmviewer/package.json;openc3-cosmos-init/plugins/packages/openc3-js-common/package.json;openc3-cosmos-init/plugins/packages/openc3-tool-base/package.json;openc3-cosmos-init/plugins/packages/openc3-vue-common/package.json,1,"[""jasonsaayman""]",1.20.0,1.16.1,"[""MIT""]",{},not available (npm registry document exposes current maintainers only),,,git+https://github.com/axios/axios.git,,,
npm,binary-search,openc3-cosmos-init/plugins/packages/openc3-cosmos-tool-tlmgrapher/package.json;openc3-cosmos-init/plugins/packages/openc3-cosmos-tool-tlmviewer/package.json;openc3-cosmos-init/plugins/packages/openc3-js-common/package.json;openc3-cosmos-init/plugins/packages/openc3-vue-common/package.json,2,"[""darkskybot"", ""ironwallaby""]",1.3.6,1.3.6,"[""CC0-1.0""]",{},not available (npm registry document exposes current maintainers only),,,git://github.com/darkskyapp/binary-search.git,,,
npm,cheerio,docs.openc3.com/package.json,2,"[""fb55"", ""jugglinmike""]",1.2.0,1.0.0-rc.12;1.2.0,"[""MIT""]",{},not available (npm registry document exposes current maintainers only),,,git://github.com/cheeriojs/cheerio.git,,,
npm,clsx,docs.openc3.com/package.json,1,"[""lukeed""]",2.1.1,2.1.1,"[""MIT""]",{},not available (npm registry document exposes current maintainers only),,,git+https://github.com/lukeed/clsx.git,,,
npm,date-fns,openc3-cosmos-init/plugins/packages/openc3-cosmos-tool-bucketexplorer/package.json;openc3-cosmos-init/plugins/packages/openc3-cosmos-tool-cmdsender/package.json;openc3-cosmos-init/plugins/packages/openc3-cosmos-tool-cmdtlmserver/package.json;openc3-cosmos-init/plugins/packages/openc3-cosmos-tool-dataextractor/package.json;openc3-cosmos-init/plugins/packages/openc3-cosmos-tool-dataviewer/package.json;openc3-cosmos-init/plugins/packages/openc3-cosmos-tool-handbooks/package.json;openc3-cosmos-init/plugins/packages/openc3-cosmos-tool-iframe/package.json;openc3-cosmos-init/plugins/packages/openc3-cosmos-tool-limitsmonitor/package.json;openc3-cosmos-init/plugins/packages/openc3-cosmos-tool-packetviewer/package.json;openc3-cosmos-init/plugins/packages/openc3-cosmos-tool-scriptrunner/package.json;openc3-cosmos-init/plugins/packages/openc3-cosmos-tool-tablemanager/package.json;openc3-cosmos-init/plugins/packages/openc3-cosmos-tool-tlmgrapher/package.json;openc3-cosmos-init/plugins/packages/openc3-cosmos-tool-tlmviewer/package.json;openc3-cosmos-init/plugins/packages/openc3-js-common/package.json;openc3-cosmos-init/plugins/packages/openc3-tool-base/package.json;openc3-cosmos-init/plugins/packages/openc3-vue-common/package.json;playwright/package.json,1,"[""kossnocorp""]",4.4.0,2.21.3;4.3.0,"[""MIT""]",{},not available (npm registry document exposes current maintainers only),,,https://github.com/date-fns/date-fns,,,
npm,date-fns-tz,openc3-cosmos-init/plugins/packages/openc3-js-common/package.json;openc3-cosmos-init/plugins/packages/openc3-vue-common/package.json,1,"[""marnusw""]",3.2.0,1.3.8;3.2.0,"[""MIT""]",{},not available (npm registry document exposes current maintainers only),,,git+https://github.com/marnusw/date-fns-tz.git,,,
npm,dompurify,openc3-cosmos-init/plugins/packages/openc3-vue-common/package.json,1,"[""cure53""]",3.4.16,3.4.7,"[""(MPL-2.0 OR Apache-2.0)""]",{},not available (npm registry document exposes current maintainers only),,,git://github.com/cure53/DOMPurify.git,,,
npm,eslint,openc3-cosmos-init/plugins/package.json,2,"[""openjsfoundation"", ""eslintbot""]",10.11.0,10.4.0,"[""MIT""]",{},not available (npm registry document exposes current maintainers only),,,git+https://github.com/eslint/eslint.git,,,
npm,eslint-plugin-vue,openc3-cosmos-init/plugins/package.json,5,"[""yyx990803"", ""mysticatea"", ""chrisvfritz"", ""michalsnik"", ""ota-meshi""]",10.11.1,10.9.1,"[""MIT""]",{},not available (npm registry document exposes current maintainers only),,,git+https://github.com/vuejs/eslint-plugin-vue.git,,,
npm,eslint-plugin-vuetify,openc3-cosmos-init/plugins/package.json,4,"[""johnjleider"", ""kaelwd"", ""jsek"", ""andreyyolkin""]",2.7.3,2.7.2,"[""MIT""]",{},not available (npm registry document exposes current maintainers only),,,git+https://github.com/vuetifyjs/eslint-plugin-vuetify.git,,,
npm,globals,openc3-cosmos-init/plugins/package.json,4,"[""byk"", ""nzakas"", ""lo1tuma"", ""sindresorhus""]",17.12.0,17.6.0,"[""MIT""]",{},not available (npm registry document exposes current maintainers only),,,git+https://github.com/sindresorhus/globals.git,,,
npm,import-map-overrides,openc3-cosmos-init/plugins/packages/openc3-tool-base/package.json,1,"[""jolyndenning""]",6.1.0,6.1.0,"[""MIT""]",{},not available (npm registry document exposes current maintainers only),,,git+https://github.com/single-spa/import-map-overrides.git,,,
npm,jszip,playwright/package.json,2,"[""stuk"", ""jkoops""]",3.10.2,3.10.1,"[""(MIT OR GPL-3.0-or-later)""]",{},not available (npm registry document exposes current maintainers only),,,git+https://github.com/Stuk/jszip.git,,,
npm,lodash,openc3-cosmos-init/plugins/packages/openc3-cosmos-tool-bucketexplorer/package.json;openc3-cosmos-init/plugins/packages/openc3-cosmos-tool-dataviewer/package.json;openc3-cosmos-init/plugins/packages/openc3-cosmos-tool-handbooks/package.json;openc3-cosmos-init/plugins/packages/openc3-cosmos-tool-iframe/package.json;openc3-cosmos-init/plugins/packages/openc3-cosmos-tool-limitsmonitor/package.json;openc3-cosmos-init/plugins/packages/openc3-cosmos-tool-packetviewer/package.json;openc3-cosmos-init/plugins/packages/openc3-cosmos-tool-scriptrunner/package.json;openc3-cosmos-init/plugins/packages/openc3-cosmos-tool-tablemanager/package.json;openc3-cosmos-init/plugins/packages/openc3-cosmos-tool-tlmgrapher/package.json;openc3-cosmos-init/plugins/packages/openc3-cosmos-tool-tlmviewer/package.json;openc3-cosmos-init/plugins/packages/openc3-js-common/package.json;openc3-cosmos-init/plugins/packages/openc3-vue-common/package.json,1,"[""jdalton""]",4.18.1,4.18.1,"[""MIT""]",{},not available (npm registry document exposes current maintainers only),,,git+https://github.com/lodash/lodash.git,,,
npm,lossless-json,openc3-cosmos-init/plugins/packages/openc3-js-common/package.json,1,"[""josdejong""]",4.3.1,4.3.0,"[""MIT""]",{},not available (npm registry document exposes current maintainers only),,,git+https://github.com/josdejong/lossless-json.git,,,
npm,minisearch,docs.openc3.com/package.json,1,"[""lucaong""]",7.2.0,7.2.0,"[""MIT""]",{},not available (npm registry document exposes current maintainers only),,,https://github.com/lucaong/minisearch.git,,,
npm,muuri,openc3-cosmos-init/plugins/packages/openc3-cosmos-tool-tlmgrapher/package.json;openc3-cosmos-init/plugins/packages/openc3-cosmos-tool-tlmviewer/package.json,1,"[""niklasramo""]",0.9.5,0.9.5,"[""MIT""]",{},not available (npm registry document exposes current maintainers only),,,git+ssh://git@github.com/haltu/muuri.git,,,
npm,nyc,playwright/package.json,3,"[""isaacs"", ""bcoe"", ""coreyfarrell""]",18.0.0,18.0.0,"[""ISC""]",{},not available (npm registry document exposes current maintainers only),,,git+ssh://git@github.com/istanbuljs/nyc.git,,,
npm,pinia,openc3-cosmos-init/plugins/packages/openc3-tool-base/package.json;openc3-cosmos-init/plugins/packages/openc3-vue-common/package.json,1,"[""posva""]",4.0.3,3.0.4,"[""MIT""]",{},not available (npm registry document exposes current maintainers only),,,git+https://github.com/vuejs/pinia.git,,,
npm,prettier,openc3-cosmos-init/plugins/packages/openc3-cosmos-demo/package.json;openc3-cosmos-init/plugins/packages/openc3-cosmos-tool-admin/package.json;openc3-cosmos-init/plugins/packages/openc3-cosmos-tool-bucketexplorer/package.json;openc3-cosmos-init/plugins/packages/openc3-cosmos-tool-cmdsender/package.json;openc3-cosmos-init/plugins/packages/openc3-cosmos-tool-cmdtlmserver/package.json;openc3-cosmos-init/plugins/packages/openc3-cosmos-tool-dataextractor/package.json;openc3-cosmos-init/plugins/packages/openc3-cosmos-tool-dataviewer/package.json;openc3-cosmos-init/plugins/packages/openc3-cosmos-tool-handbooks/package.json;openc3-cosmos-init/plugins/packages/openc3-cosmos-tool-iframe/package.json;openc3-cosmos-init/plugins/packages/openc3-cosmos-tool-limitsmonitor/package.json;openc3-cosmos-init/plugins/packages/openc3-cosmos-tool-packetviewer/package.json;openc3-cosmos-init/plugins/packages/openc3-cosmos-tool-scriptrunner/package.json;openc3-cosmos-init/plugins/packages/openc3-cosmos-tool-tablemanager/package.json;openc3-cosmos-init/plugins/packages/openc3-cosmos-tool-tlmgrapher/package.json;openc3-cosmos-init/plugins/packages/openc3-cosmos-tool-tlmviewer/package.json;openc3-cosmos-init/plugins/packages/openc3-js-common/package.json;openc3-cosmos-init/plugins/packages/openc3-tool-base/package.json;openc3-cosmos-init/plugins/packages/openc3-vue-common/package.json;playwright/package.json,11,"[""jlongster"", ""lydell"", ""thorn0"", ""vjeux"", ""fisker"", ""suchipi"", ""duailibe"", ""ikatyang"", ""azz"", ""sosukesuzuki"", ""prettier-bot""]",3.9.9,3.8.3,"[""MIT""]",{},not available (npm registry document exposes current maintainers only),,,git+https://github.com/prettier/prettier.git,,,
npm,prop-types,docs.openc3.com/package.json,3,"[""ljharb"", ""fb"", ""sophiebits""]",15.8.1,15.8.1,"[""MIT""]",{},not available (npm registry document exposes current maintainers only),,,git+https://github.com/facebook/prop-types.git,,,
npm,react,docs.openc3.com/package.json,2,"[""fb"", ""react-bot""]",19.3.0,19.2.6,"[""MIT""]",{},not available (npm registry document exposes current maintainers only),,,git+https://github.com/react/react.git,,,
npm,react-dom,docs.openc3.com/package.json,2,"[""fb"", ""react-bot""]",19.3.0,19.2.6,"[""MIT""]",{},not available (npm registry document exposes current maintainers only),,,git+https://github.com/react/react.git,,,
npm,sass,openc3-cosmos-init/plugins/packages/openc3-cosmos-demo/package.json;openc3-cosmos-init/plugins/packages/openc3-cosmos-tool-admin/package.json;openc3-cosmos-init/plugins/packages/openc3-cosmos-tool-bucketexplorer/package.json;openc3-cosmos-init/plugins/packages/openc3-cosmos-tool-cmdsender/package.json;openc3-cosmos-init/plugins/packages/openc3-cosmos-tool-cmdtlmserver/package.json;openc3-cosmos-init/plugins/packages/openc3-cosmos-tool-dataextractor/package.json;openc3-cosmos-init/plugins/packages/openc3-cosmos-tool-dataviewer/package.json;openc3-cosmos-init/plugins/packages/openc3-cosmos-tool-handbooks/package.json;openc3-cosmos-init/plugins/packages/openc3-cosmos-tool-iframe/package.json;openc3-cosmos-init/plugins/packages/openc3-cosmos-tool-limitsmonitor/package.json;openc3-cosmos-init/plugins/packages/openc3-cosmos-tool-packetviewer/package.json;openc3-cosmos-init/plugins/packages/openc3-cosmos-tool-scriptrunner/package.json;openc3-cosmos-init/plugins/packages/openc3-cosmos-tool-tablemanager/package.json;openc3-cosmos-init/plugins/packages/openc3-cosmos-tool-tlmgrapher/package.json;openc3-cosmos-init/plugins/packages/openc3-cosmos-tool-tlmviewer/package.json;openc3-cosmos-init/plugins/packages/openc3-js-common/package.json;openc3-cosmos-init/plugins/packages/openc3-tool-base/package.json;openc3-cosmos-init/plugins/packages/openc3-vue-common/package.json,2,"[""nex3"", ""hcatlin""]",1.105.0,1.100.0,"[""MIT""]",{},not available (npm registry document exposes current maintainers only),,,git+https://github.com/sass/dart-sass.git,,,
npm,semver,openc3-cosmos-init/plugins/packages/openc3-vue-common/package.json,4,"[""saquibkhan"", ""npm-cli-ops"", ""reggi"", ""martinrrm""]",7.8.5,6.3.1;7.8.1,"[""ISC""]",{},not available (npm registry document exposes current maintainers only),,,git+https://github.com/npm/node-semver.git,,,
npm,single-spa,openc3-cosmos-init/plugins/packages/openc3-tool-base/package.json;openc3-cosmos-init/plugins/packages/openc3-vue-common/package.json,1,"[""jolyndenning""]",6.0.3,6.0.3,"[""MIT""]",{},not available (npm registry document exposes current maintainers only),,,git+https://github.com/single-spa/single-spa.git,,,
npm,single-spa-vue,openc3-cosmos-init/plugins/packages/openc3-cosmos-tool-admin/package.json;openc3-cosmos-init/plugins/packages/openc3-cosmos-tool-bucketexplorer/package.json;openc3-cosmos-init/plugins/packages/openc3-cosmos-tool-cmdsender/package.json;openc3-cosmos-init/plugins/packages/openc3-cosmos-tool-cmdtlmserver/package.json;openc3-cosmos-init/plugins/packages/openc3-cosmos-tool-dataextractor/package.json;openc3-cosmos-init/plugins/packages/openc3-cosmos-tool-dataviewer/package.json;openc3-cosmos-init/plugins/packages/openc3-cosmos-tool-handbooks/package.json;openc3-cosmos-init/plugins/packages/openc3-cosmos-tool-iframe/package.json;openc3-cosmos-init/plugins/packages/openc3-cosmos-tool-limitsmonitor/package.json;openc3-cosmos-init/plugins/packages/openc3-cosmos-tool-packetviewer/package.json;openc3-cosmos-init/plugins/packages/openc3-cosmos-tool-scriptrunner/package.json;openc3-cosmos-init/plugins/packages/openc3-cosmos-tool-tablemanager/package.json;openc3-cosmos-init/plugins/packages/openc3-cosmos-tool-tlmgrapher/package.json;openc3-cosmos-init/plugins/packages/openc3-cosmos-tool-tlmviewer/package.json,2,"[""jolyndenning"", ""blittle""]",3.0.1,3.0.1,"[""MIT""]",{},not available (npm registry document exposes current maintainers only),,,git+https://github.com/single-spa/single-spa-vue.git,,,
npm,sortablejs,openc3-cosmos-init/plugins/packages/openc3-js-common/package.json;openc3-cosmos-init/plugins/packages/openc3-vue-common/package.json,2,"[""rubaxa"", ""owenm""]",1.15.7,1.15.7,"[""MIT""]",{},not available (npm registry document exposes current maintainers only),,,git://github.com/SortableJS/Sortable.git,,,
npm,splitpanes,openc3-cosmos-init/plugins/packages/openc3-cosmos-tool-scriptrunner/package.json;openc3-cosmos-init/plugins/packages/openc3-vue-common/package.json,1,"[""antoniandre""]",4.1.2,4.1.2,"[""MIT""]",{},not available (npm registry document exposes current maintainers only),,,git+https://github.com/antoniandre/splitpanes.git,,,
npm,sprintf-js,openc3-cosmos-init/plugins/packages/openc3-cosmos-tool-bucketexplorer/package.json;openc3-cosmos-init/plugins/packages/openc3-cosmos-tool-cmdsender/package.json;openc3-cosmos-init/plugins/packages/openc3-cosmos-tool-cmdtlmserver/package.json;openc3-cosmos-init/plugins/packages/openc3-cosmos-tool-dataextractor/package.json;openc3-cosmos-init/plugins/packages/openc3-cosmos-tool-dataviewer/package.json;openc3-cosmos-init/plugins/packages/openc3-cosmos-tool-handbooks/package.json;openc3-cosmos-init/plugins/packages/openc3-cosmos-tool-iframe/package.json;openc3-cosmos-init/plugins/packages/openc3-cosmos-tool-limitsmonitor/package.json;openc3-cosmos-init/plugins/packages/openc3-cosmos-tool-packetviewer/package.json;openc3-cosmos-init/plugins/packages/openc3-cosmos-tool-scriptrunner/package.json;openc3-cosmos-init/plugins/packages/openc3-cosmos-tool-tablemanager/package.json;openc3-cosmos-init/plugins/packages/openc3-cosmos-tool-tlmgrapher/package.json;openc3-cosmos-init/plugins/packages/openc3-cosmos-tool-tlmviewer/package.json;openc3-cosmos-init/plugins/packages/openc3-js-common/package.json;openc3-cosmos-init/plugins/packages/openc3-vue-common/package.json,1,"[""alexei""]",1.1.3,1.0.3;1.1.3,"[""BSD-3-Clause""]",{},not available (npm registry document exposes current maintainers only),,,git+https://github.com/alexei/sprintf.js.git,,,
npm,systemjs,openc3-cosmos-init/plugins/packages/openc3-tool-base/package.json,2,"[""guybedford"", ""jolyndenning""]",6.15.1,6.15.1,"[""MIT""]",{},not available (npm registry document exposes current maintainers only),,,git://github.com/systemjs/systemjs.git,,,
npm,uplot,openc3-cosmos-init/plugins/packages/openc3-js-common/package.json;openc3-cosmos-init/plugins/packages/openc3-vue-common/package.json,1,"[""leeoniya""]",1.6.32,1.6.32,"[""MIT""]",{},not available (npm registry document exposes current maintainers only),,,git+https://github.com/leeoniya/uPlot.git,,,
npm,vite,openc3-cosmos-init/plugins/packages/openc3-cosmos-demo/package.json;openc3-cosmos-init/plugins/packages/openc3-cosmos-tool-admin/package.json;openc3-cosmos-init/plugins/packages/openc3-cosmos-tool-bucketexplorer/package.json;openc3-cosmos-init/plugins/packages/openc3-cosmos-tool-cmdsender/package.json;openc3-cosmos-init/plugins/packages/openc3-cosmos-tool-cmdtlmserver/package.json;openc3-cosmos-init/plugins/packages/openc3-cosmos-tool-dataextractor/package.json;openc3-cosmos-init/plugins/packages/openc3-cosmos-tool-dataviewer/package.json;openc3-cosmos-init/plugins/packages/openc3-cosmos-tool-handbooks/package.json;openc3-cosmos-init/plugins/packages/openc3-cosmos-tool-iframe/package.json;openc3-cosmos-init/plugins/packages/openc3-cosmos-tool-limitsmonitor/package.json;openc3-cosmos-init/plugins/packages/openc3-cosmos-tool-packetviewer/package.json;openc3-cosmos-init/plugins/packages/openc3-cosmos-tool-scriptrunner/package.json;openc3-cosmos-init/plugins/packages/openc3-cosmos-tool-tablemanager/package.json;openc3-cosmos-init/plugins/packages/openc3-cosmos-tool-tlmgrapher/package.json;openc3-cosmos-init/plugins/packages/openc3-cosmos-tool-tlmviewer/package.json;openc3-cosmos-init/plugins/packages/openc3-js-common/package.json;openc3-cosmos-init/plugins/packages/openc3-tool-base/package.json;openc3-cosmos-init/plugins/packages/openc3-vue-common/package.json,2,"[""yyx990803"", ""vitebot""]",8.3.1,7.3.3,"[""MIT""]",{},not available (npm registry document exposes current maintainers only),,,git+https://github.com/vitejs/vite.git,,,
npm,vite-plugin-style-inject,openc3-cosmos-init/plugins/packages/openc3-cosmos-demo/package.json,1,"[""name6""]",0.0.1,0.0.1,"[""MIT""]",{},not available (npm registry document exposes current maintainers only),,,,,,
npm,vue,openc3-cosmos-init/plugins/packages/openc3-cosmos-demo/package.json;openc3-cosmos-init/plugins/packages/openc3-cosmos-tool-admin/package.json;openc3-cosmos-init/plugins/packages/openc3-cosmos-tool-bucketexplorer/package.json;openc3-cosmos-init/plugins/packages/openc3-cosmos-tool-cmdsender/package.json;openc3-cosmos-init/plugins/packages/openc3-cosmos-tool-cmdtlmserver/package.json;openc3-cosmos-init/plugins/packages/openc3-cosmos-tool-dataextractor/package.json;openc3-cosmos-init/plugins/packages/openc3-cosmos-tool-dataviewer/package.json;openc3-cosmos-init/plugins/packages/openc3-cosmos-tool-handbooks/package.json;openc3-cosmos-init/plugins/packages/openc3-cosmos-tool-iframe/package.json;openc3-cosmos-init/plugins/packages/openc3-cosmos-tool-limitsmonitor/package.json;openc3-cosmos-init/plugins/packages/openc3-cosmos-tool-packetviewer/package.json;openc3-cosmos-init/plugins/packages/openc3-cosmos-tool-scriptrunner/package.json;openc3-cosmos-init/plugins/packages/openc3-cosmos-tool-tablemanager/package.json;openc3-cosmos-init/plugins/packages/openc3-cosmos-tool-tlmgrapher/package.json;openc3-cosmos-init/plugins/packages/openc3-cosmos-tool-tlmviewer/package.json;openc3-cosmos-init/plugins/packages/openc3-tool-base/package.json;openc3-cosmos-init/plugins/packages/openc3-vue-common/package.json,2,"[""yyx990803"", ""posva""]",3.5.43,3.5.35,"[""MIT""]",{},not available (npm registry document exposes current maintainers only),,,git+https://github.com/vuejs/core.git,,,
npm,vue-eslint-parser,openc3-cosmos-init/plugins/package.json,2,"[""mysticatea"", ""ota-meshi""]",10.4.1,10.4.0,"[""MIT""]",{},not available (npm registry document exposes current maintainers only),,,git+https://github.com/vuejs/vue-eslint-parser.git,,,
npm,vue-router,openc3-cosmos-init/plugins/packages/openc3-tool-base/package.json,2,"[""yyx990803"", ""posva""]",5.3.1,4.4.4,"[""MIT""]",{},not available (npm registry document exposes current maintainers only),,,git+https://github.com/vuejs/router.git,,,
npm,vuetify,openc3-cosmos-init/plugins/packages/openc3-tool-base/package.json;openc3-cosmos-init/plugins/packages/openc3-vue-common/package.json,4,"[""johnjleider"", ""kaelwd"", ""jsek"", ""andreyyolkin""]",4.2.2,4.0.7,"[""MIT""]",{},not available (npm registry document exposes current maintainers only),,,git+https://github.com/vuetifyjs/vuetify.git,,,
pypi,Deprecated,openc3/python/pyproject.toml,,not available (PyPI JSON API does not expose project owners/maintainers),3.0.0,,"[""MIT""]",sdist setup.py present,not available,,,,gmail.com>,"[""https://github.com/laurent-laporte-pro/deprecated/issues"", ""https://github.com/laurent-laporte-pro/deprecated/blob/master/CHANGELOG.md"", ""https://deprecated.readthedocs.io/en/latest/""]",
pypi,boto3,openc3/python/pyproject.toml,,not available (PyPI JSON API does not expose project owners/maintainers),1.43.104,,"[""Apache-2.0""]",sdist setup.py present,not available,,,,,"[""https://docs.aws.amazon.com/boto3/latest/"", ""https://github.com/boto/boto3"", ""https://github.com/boto/boto3""]",
pypi,cbor2,openc3/python/pyproject.toml,,not available (PyPI JSON API does not expose project owners/maintainers),6.1.4,,"[""MIT""]",sdist setup.py present,not available,,,,nextday.fi>,"[""https://cbor2.readthedocs.io/en/latest/versionhistory.html"", ""https://cbor2.readthedocs.org/en/latest/"", ""https://github.com/agronholm/cbor2/issues""]",
pypi,coverage,openc3/python/pyproject.toml,,not available (PyPI JSON API does not expose project owners/maintainers),7.16.2,,"[""Apache-2.0""]",sdist setup.py present,not available,,,,nedbatchelder.com,"[""https://coverage.readthedocs.io/en/7.16.2"", ""https://tidelift.com/subscription/pkg/pypi-coverage?utm_source=pypi-coverage&utm_medium=referral&utm_campaign=pypi"", ""https://github.com/coveragepy/coveragepy""]",
pypi,fakeredis,openc3/python/pyproject.toml,,not available (PyPI JSON API does not expose project owners/maintainers),2.38.0,,"[""BSD-3-Clause""]",sdist setup.py present,not available,,,,jamesls.com>,"[""https://github.com/cunla/fakeredis-py/issues"", ""https://fakeredis.moransoftware.ca/"", ""https://github.com/sponsors/cunla""]",
pypi,jsonpath-ng,openc3/python/pyproject.toml,,not available (PyPI JSON API does not expose project owners/maintainers),1.8.0,,"[""Apache 2.0""]",sdist setup.py present,not available,,,,aparicio.me,"[""https://github.com/h2non/jsonpath-ng""]",
pypi,lxml,openc3/python/pyproject.toml,,not available (PyPI JSON API does not expose project owners/maintainers),6.1.3,,"[""BSD-3-Clause""]",sdist setup.py present,not available,,,,lxml.de,"[""https://bugs.launchpad.net/lxml"", ""https://lxml.de/"", ""https://github.com/lxml/lxml""]",
pypi,numpy,openc3-cosmos-init/plugins/packages/openc3-cosmos-demo/requirements.txt;openc3/python/pyproject.toml,,not available (PyPI JSON API does not expose project owners/maintainers),2.5.3,,"[""BSD-3-Clause AND 0BSD AND MIT AND Zlib AND CC0-1.0""]",sdist setup.py present,not available,,,,python.org>,"[""https://numpy.org/doc/"", ""https://pypi.org/project/numpy/#files"", ""https://numpy.org""]",
pypi,orjson,openc3/python/pyproject.toml,,not available (PyPI JSON API does not expose project owners/maintainers),3.12.0,,"[""MPL-2.0 AND (Apache-2.0 OR MIT)""]",sdist setup.py present,not available,,,,,"[""https://github.com/ijl/orjson/blob/master/CHANGELOG.md"", ""https://github.com/ijl/orjson"", ""https://github.com/ijl/orjson""]",
pypi,paho-mqtt,openc3/python/pyproject.toml,,not available (PyPI JSON API does not expose project owners/maintainers),2.1.0,,"[""EPL-2.0 OR BSD-3-Clause""]",sdist setup.py present,not available,,,,atchoo.org>,"[""http://eclipse.org/paho""]",
pypi,psycopg,openc3/python/pyproject.toml,,not available (PyPI JSON API does not expose project owners/maintainers),3.3.6,,"[""LGPL-3.0-only""]",sdist setup.py present,not available,,,,gmail.com>,"[""https://psycopg.org/psycopg3/docs/news.html"", ""https://github.com/psycopg/psycopg"", ""https://psycopg.org/psycopg3/docs/""]",
pypi,pyserial,openc3/python/pyproject.toml,,not available (PyPI JSON API does not expose project owners/maintainers),3.5,,"[""BSD""]",sdist setup.py present,not available,,,,gmx.net,"[""https://github.com/pyserial/pyserial""]",
pypi,pytest,openc3/python/pyproject.toml,,not available (PyPI JSON API does not expose project owners/maintainers),9.1.1,,"[""MIT""]",sdist setup.py present,not available,,,,,"[""https://docs.pytest.org/en/stable/changelog.html"", ""https://docs.pytest.org/en/stable/contact.html"", ""https://docs.pytest.org/en/stable/sponsor.html""]",
pypi,pytest-profiling,openc3/python/pyproject.toml,,not available (PyPI JSON API does not expose project owners/maintainers),1.8.1,,"[""MIT license""]",sdist setup.py present,not available,,,,catmur.co.uk,"[""https://github.com/man-group/pytest-plugins""]",
pypi,questdb,openc3/python/pyproject.toml,,not available (PyPI JSON API does not expose project owners/maintainers),5.0.0,,"[""Apache-2.0""]",sdist setup.py present,not available,,,,questdb.com>,"[""https://py-questdb-client.readthedocs.io/en/latest/changelog.html"", ""http://community.questdb.com"", ""https://py-questdb-client.readthedocs.io/en/latest/index.html""]",
pypi,requests,openc3/python/pyproject.toml,,not available (PyPI JSON API does not expose project owners/maintainers),2.34.2,,"[""Apache-2.0""]",sdist setup.py present,not available,,,,kennethreitz.org>,"[""https://requests.readthedocs.io"", ""https://github.com/psf/requests""]",
pypi,ruff,openc3/python/pyproject.toml,,not available (PyPI JSON API does not expose project owners/maintainers),0.16.9,,"[""MIT""]",sdist setup.py present,not available,,,,astral.sh>,"[""https://github.com/astral-sh/ruff/blob/main/CHANGELOG.md"", ""https://docs.astral.sh/ruff/"", ""https://docs.astral.sh/ruff""]",
pypi,schedule,openc3/python/pyproject.toml,,not available (PyPI JSON API does not expose project owners/maintainers),1.2.2,,"[""MIT License""]",sdist setup.py present,not available,,,,dbader.org,"[""https://github.com/dbader/schedule/blob/master/HISTORY.rst"", ""https://schedule.readthedocs.io"", ""https://github.com/dbader/schedule/tarball/1.2.2""]",
pypi,valkey,openc3/python/pyproject.toml,,not available (PyPI JSON API does not expose project owners/maintainers),6.1.1,,"[""MIT""]",sdist setup.py present,not available,,,,lists.valkey.io,"[""https://github.com/valkey-io/valkey-py/releases"", ""https://github.com/valkey-io/valkey-py"", ""https://valkey-py.readthedocs.io/en/latest/""]",
pypi,watchdog,openc3/python/pyproject.toml,,not available (PyPI JSON API does not expose project owners/maintainers),6.0.0,,"[""Apache-2.0""]",sdist setup.py present,not available,,,,tiger-222.fr,"[""https://github.com/gorakhargosh/watchdog/blob/master/changelog.rst"", ""https://python-watchdog.readthedocs.io/en/stable/"", ""https://github.com/gorakhargosh/watchdog""]",
pypi,websockets,openc3/python/pyproject.toml,,not available (PyPI JSON API does not expose project owners/maintainers),17.1,,"[""BSD-3-Clause""]",sdist setup.py present,not available,,,,m4x.org>,"[""https://websockets.readthedocs.io/en/stable/project/changelog.html"", ""https://websockets.readthedocs.io/"", ""https://tidelift.com/subscription/pkg/pypi-websockets?utm_source=pypi-websockets&utm_medium=referral&utm_campaign=readme""]",
