docs.openc3.com/static/img/BCT.png	image/png
docs.openc3.com/static/img/OpenC3.png	image/png
docs.openc3.com/static/img/admin/add_tool.png	image/png
docs.openc3.com/static/img/admin/interfaces.png	image/png
docs.openc3.com/static/img/admin/microservices.png	image/png
docs.openc3.com/static/img/admin/packages.png	image/png
docs.openc3.com/static/img/admin/plugins.png	image/png
docs.openc3.com/static/img/admin/redis.png	image/png
docs.openc3.com/static/img/admin/roles.png	image/png
docs.openc3.com/static/img/admin/routers.png	image/png
docs.openc3.com/static/img/admin/scopes.png	image/png
docs.openc3.com/static/img/admin/secrets.png	image/png
docs.openc3.com/static/img/admin/settings1.png	image/png
docs.openc3.com/static/img/admin/settings2.png	image/png
docs.openc3.com/static/img/admin/targets.png	image/png
docs.openc3.com/static/img/admin/themes.png	image/png
docs.openc3.com/static/img/admin/tools.png	image/png
docs.openc3.com/static/img/article-footer.png	image/png
docs.openc3.com/static/img/autonomic/autonomic.png	image/png
docs.openc3.com/static/img/autonomic/create_reaction1.png	image/png
docs.openc3.com/static/img/autonomic/create_reaction2.png	image/png
docs.openc3.com/static/img/autonomic/create_reaction3.png	image/png
docs.openc3.com/static/img/autonomic/create_trigger1.png	image/png
docs.openc3.com/static/img/autonomic/create_trigger2.png	image/png
docs.openc3.com/static/img/autonomic/create_trigger3.png	image/png
docs.openc3.com/static/img/autonomic/disable_trigger.png	image/png
docs.openc3.com/static/img/autonomic/enabled_trigger.png	image/png
docs.openc3.com/static/img/autonomic/initial_reaction.png	image/png
docs.openc3.com/static/img/autonomic/snoozed_reaction.png	image/png
docs.openc3.com/static/img/autonomic/trigger_groups.png	image/png
docs.openc3.com/static/img/ball.jpg	image/jpeg
docs.openc3.com/static/img/black_logo.svg	image/svg+xml
docs.openc3.com/static/img/bucket_explorer/bucket_explorer.png	image/png
docs.openc3.com/static/img/calendar/activity.png	image/png
docs.openc3.com/static/img/calendar/blank_calendar.png	image/png
docs.openc3.com/static/img/calendar/calendar.png	image/png
docs.openc3.com/static/img/calendar/create_activity1.png	image/png
docs.openc3.com/static/img/calendar/create_activity2.png	image/png
docs.openc3.com/static/img/calendar/create_metadata1.png	image/png
docs.openc3.com/static/img/calendar/create_metadata2.png	image/png
docs.openc3.com/static/img/calendar/create_note1.png	image/png
docs.openc3.com/static/img/calendar/create_note2.png	image/png
docs.openc3.com/static/img/calendar/gantt_view.png	image/png
docs.openc3.com/static/img/calendar/list_view.png	image/png
docs.openc3.com/static/img/calendar/options.png	image/png
docs.openc3.com/static/img/calendar/timeline.png	image/png
docs.openc3.com/static/img/calendar/timeline_lifecycle.png	image/png
docs.openc3.com/static/img/captech.gif	image/gif
docs.openc3.com/static/img/cmd-processing.png	image/png
docs.openc3.com/static/img/cmd_tlm_server/cmd_authority.png	image/png
docs.openc3.com/static/img/cmd_tlm_server/cmd_packets.png	image/png
docs.openc3.com/static/img/cmd_tlm_server/cmd_raw.png	image/png
docs.openc3.com/static/img/cmd_tlm_server/cmd_tlm_server.png	image/png
docs.openc3.com/static/img/cmd_tlm_server/critical_cmd_sender.png	image/png
docs.openc3.com/static/img/cmd_tlm_server/data_flows.png	image/png
docs.openc3.com/static/img/cmd_tlm_server/file_menu.png	image/png
docs.openc3.com/static/img/cmd_tlm_server/interface_details.png	image/png
docs.openc3.com/static/img/cmd_tlm_server/interfaces.png	image/png
docs.openc3.com/static/img/cmd_tlm_server/log_messages.png	image/png
docs.openc3.com/static/img/cmd_tlm_server/protocol_details.png	image/png
docs.openc3.com/static/img/cmd_tlm_server/routers.png	image/png
docs.openc3.com/static/img/cmd_tlm_server/status.png	image/png
docs.openc3.com/static/img/cmd_tlm_server/targets.png	image/png
docs.openc3.com/static/img/cmd_tlm_server/tlm_packets.png	image/png
docs.openc3.com/static/img/cmd_tlm_server/tlm_raw.png	image/png
docs.openc3.com/static/img/command_history/command_history.png	image/png
docs.openc3.com/static/img/command_queue/add_command.png	image/png
docs.openc3.com/static/img/command_queue/command_queue.png	image/png
docs.openc3.com/static/img/command_sender/collect_states.png	image/png
docs.openc3.com/static/img/command_sender/command_sender.png	image/png
docs.openc3.com/static/img/command_sender/history.png	image/png
docs.openc3.com/static/img/command_sender/inst_clear.png	image/png
docs.openc3.com/static/img/command_sender/inst_collect.png	image/png
docs.openc3.com/static/img/command_sender/inst_collect_hazardous.png	image/png
docs.openc3.com/static/img/command_sender/inst_collect_hazardous_history.png	image/png
docs.openc3.com/static/img/command_sender/mode_menu.png	image/png
docs.openc3.com/static/img/contact/jason.png	image/png
docs.openc3.com/static/img/contact/ryan.jpeg	image/jpeg
docs.openc3.com/static/img/core-architecture.png	image/png
docs.openc3.com/static/img/cosmos-cleanroom.png	image/png
docs.openc3.com/static/img/cosmos-containers.png	image/png
docs.openc3.com/static/img/cosmos-images.png	image/png
docs.openc3.com/static/img/data_extractor/add_item.png	image/png
docs.openc3.com/static/img/data_extractor/add_packet.png	image/png
docs.openc3.com/static/img/data_extractor/add_target.png	image/png
docs.openc3.com/static/img/data_extractor/data_extractor.png	image/png
docs.openc3.com/static/img/data_extractor/delete_all_mouseover.png	image/png
docs.openc3.com/static/img/data_extractor/edit_all_items.png	image/png
docs.openc3.com/static/img/data_extractor/edit_all_mouseover.png	image/png
docs.openc3.com/static/img/data_extractor/edit_temp1.png	image/png
docs.openc3.com/static/img/data_extractor/file_menu.png	image/png
docs.openc3.com/static/img/data_extractor/mode_menu.png	image/png
docs.openc3.com/static/img/data_extractor/processing.png	image/png
docs.openc3.com/static/img/data_extractor/processing_done.png	image/png
docs.openc3.com/static/img/data_viewer/add_component.png	image/png
docs.openc3.com/static/img/data_viewer/data_viewer.png	image/png
docs.openc3.com/static/img/data_viewer/display_settings.png	image/png
docs.openc3.com/static/img/data_viewer/file_menu.png	image/png
docs.openc3.com/static/img/docker-local-security.png	image/png
docs.openc3.com/static/img/docker-security.png	image/png
docs.openc3.com/static/img/docusaurus-social-card.jpg	image/jpeg
docs.openc3.com/static/img/docusaurus.png	image/png
docs.openc3.com/static/img/enterprise-architecture.png	image/png
docs.openc3.com/static/img/favicon.png	image/png
docs.openc3.com/static/img/footer-logo.png	image/png
docs.openc3.com/static/img/generator/plugin_files.png	image/png
docs.openc3.com/static/img/generator/target_files.png	image/png
docs.openc3.com/static/img/guides/keycloak_migration/partial_import.png	image/png
docs.openc3.com/static/img/guides/keycloak_migration/skip_existing_users.png	image/png
docs.openc3.com/static/img/guides/local_mode/delete_modified.png	image/png
docs.openc3.com/static/img/guides/local_mode/project.png	image/png
docs.openc3.com/static/img/guides/local_mode/reload_file.png	image/png
docs.openc3.com/static/img/guides/local_mode/reloaded.png	image/png
docs.openc3.com/static/img/guides/logging/log_messages.png	image/png
docs.openc3.com/static/img/guides/logging/logs.png	image/png
docs.openc3.com/static/img/guides/logging/raw_tlm_logs.png	image/png
docs.openc3.com/static/img/guides/logging/script_messages.png	image/png
docs.openc3.com/static/img/guides/plugin_variables.png	image/png
docs.openc3.com/static/img/guides/roles-permissions/add_role.png	image/png
docs.openc3.com/static/img/guides/roles-permissions/edit_role.png	image/png
docs.openc3.com/static/img/guides/roles-permissions/keycloak_groups_token_mapper.png	image/png
docs.openc3.com/static/img/guides/roles-permissions/keycloak_user_roles.png	image/png
docs.openc3.com/static/img/guides/simple_screen.png	image/png
docs.openc3.com/static/img/handbooks/handbooks.png	image/png
docs.openc3.com/static/img/interface_read_logic.png	image/png
docs.openc3.com/static/img/interface_write_logic.png	image/png
docs.openc3.com/static/img/johnh.gif	image/gif
docs.openc3.com/static/img/limits_monitor/change_limits_set.png	image/png
docs.openc3.com/static/img/limits_monitor/file_menu.png	image/png
docs.openc3.com/static/img/limits_monitor/ignored.png	image/png
docs.openc3.com/static/img/limits_monitor/limits_monitor.png	image/png
docs.openc3.com/static/img/limits_monitor/log.png	image/png
docs.openc3.com/static/img/lockheed.png	image/png
docs.openc3.com/static/img/log_explorer/log_explorer.png	image/png
docs.openc3.com/static/img/logo.svg	image/svg+xml
docs.openc3.com/static/img/nasa.gif	image/gif
docs.openc3.com/static/img/notebooks/execution_status.png	image/png
docs.openc3.com/static/img/notebooks/markdown_step.png	image/png
docs.openc3.com/static/img/notebooks/notebook_menu.png	image/png
docs.openc3.com/static/img/notebooks/notebooks.png	image/png
docs.openc3.com/static/img/notebooks/screen_step.png	image/png
docs.openc3.com/static/img/notebooks/script_step.png	image/png
docs.openc3.com/static/img/packet_viewer/file_menu.png	image/png
docs.openc3.com/static/img/packet_viewer/packet_viewer.png	image/png
docs.openc3.com/static/img/packet_viewer/temp1_details.png	image/png
docs.openc3.com/static/img/packet_viewer/view_menu.png	image/png
docs.openc3.com/static/img/script_runner/checks_rb.png	image/png
docs.openc3.com/static/img/script_runner/connecting.png	image/png
docs.openc3.com/static/img/script_runner/debug.png	image/png
docs.openc3.com/static/img/script_runner/edit_menu.png	image/png
docs.openc3.com/static/img/script_runner/environment_variables.png	image/png
docs.openc3.com/static/img/script_runner/file_menu.png	image/png
docs.openc3.com/static/img/script_runner/file_open.png	image/png
docs.openc3.com/static/img/script_runner/file_save_as.png	image/png
docs.openc3.com/static/img/script_runner/right_click.png	image/png
docs.openc3.com/static/img/script_runner/running_scripts.png	image/png
docs.openc3.com/static/img/script_runner/script_error.png	image/png
docs.openc3.com/static/img/script_runner/script_menu.png	image/png
docs.openc3.com/static/img/script_runner/script_runner.png	image/png
docs.openc3.com/static/img/script_runner/script_suite.png	image/png
docs.openc3.com/static/img/script_runner/suite_checkboxes.png	image/png
docs.openc3.com/static/img/sdlusu.gif	image/gif
docs.openc3.com/static/img/systemhealth/alert_logs.png	image/png
docs.openc3.com/static/img/systemhealth/alert_notifications.png	image/png
docs.openc3.com/static/img/systemhealth/disk_usage.png	image/png
docs.openc3.com/static/img/systemhealth/process_metrics.png	image/png
docs.openc3.com/static/img/systemhealth/redis_metrics.png	image/png
docs.openc3.com/static/img/systemhealth/refresh_interval.png	image/png
docs.openc3.com/static/img/systemhealth/system_health_configuration.png	image/png
docs.openc3.com/static/img/systemhealth/system_overview_gauges.png	image/png
docs.openc3.com/static/img/systemhealth/systemhealth.png	image/png
docs.openc3.com/static/img/table_manager/file_menu.png	image/png
docs.openc3.com/static/img/table_manager/table_manager.png	image/png
docs.openc3.com/static/img/telemetry_grapher/edit_graph.png	image/png
docs.openc3.com/static/img/telemetry_grapher/file_menu.png	image/png
docs.openc3.com/static/img/telemetry_grapher/four_graphs.png	image/png
docs.openc3.com/static/img/telemetry_grapher/graph_menu.png	image/png
docs.openc3.com/static/img/telemetry_grapher/graph_min_max.png	image/png
docs.openc3.com/static/img/telemetry_grapher/graph_temp1.png	image/png
docs.openc3.com/static/img/telemetry_grapher/graph_temp1_temp2.png	image/png
docs.openc3.com/static/img/telemetry_grapher/graph_temp1_time.png	image/png
docs.openc3.com/static/img/telemetry_grapher/grapher_controls.png	image/png
docs.openc3.com/static/img/telemetry_grapher/minimized.png	image/png
docs.openc3.com/static/img/telemetry_grapher/stop_start.png	image/png
docs.openc3.com/static/img/telemetry_grapher/telemetry_grapher.png	image/png
docs.openc3.com/static/img/telemetry_grapher/two_full_height.png	image/png
docs.openc3.com/static/img/telemetry_grapher/two_full_width.png	image/png
docs.openc3.com/static/img/telemetry_viewer/edit_screen.png	image/png
docs.openc3.com/static/img/telemetry_viewer/enable_playback_mode.png	image/png
docs.openc3.com/static/img/telemetry_viewer/file_menu.png	image/png
docs.openc3.com/static/img/telemetry_viewer/float_minimize.png	image/png
docs.openc3.com/static/img/telemetry_viewer/new_screen.png	image/png
docs.openc3.com/static/img/telemetry_viewer/playback_mode.png	image/png
docs.openc3.com/static/img/telemetry_viewer/telemetry_viewer.png	image/png
docs.openc3.com/static/img/telemetry_viewer/widgets/array.png	image/png
docs.openc3.com/static/img/telemetry_viewer/widgets/arrayplot.png	image/png
docs.openc3.com/static/img/telemetry_viewer/widgets/backcolor.png	image/png
docs.openc3.com/static/img/telemetry_viewer/widgets/block.png	image/png
docs.openc3.com/static/img/telemetry_viewer/widgets/bordercolor.png	image/png
docs.openc3.com/static/img/telemetry_viewer/widgets/button.png	image/png
docs.openc3.com/static/img/telemetry_viewer/widgets/canvasdot.png	image/png
docs.openc3.com/static/img/telemetry_viewer/widgets/canvasimage.png	image/png
docs.openc3.com/static/img/telemetry_viewer/widgets/canvasimagevalue.png	image/png
docs.openc3.com/static/img/telemetry_viewer/widgets/canvaslabel.png	image/png
docs.openc3.com/static/img/telemetry_viewer/widgets/canvaslabelvalue.png	image/png
docs.openc3.com/static/img/telemetry_viewer/widgets/canvasline.png	image/png
docs.openc3.com/static/img/telemetry_viewer/widgets/canvaslinevalue.png	image/png
docs.openc3.com/static/img/telemetry_viewer/widgets/checkbutton.png	image/png
docs.openc3.com/static/img/telemetry_viewer/widgets/combobox.png	image/png
docs.openc3.com/static/img/telemetry_viewer/widgets/date.png	image/png
docs.openc3.com/static/img/telemetry_viewer/widgets/formatvalue.png	image/png
docs.openc3.com/static/img/telemetry_viewer/widgets/height.png	image/png
docs.openc3.com/static/img/telemetry_viewer/widgets/horizontal.png	image/png
docs.openc3.com/static/img/telemetry_viewer/widgets/horizontalbox.png	image/png
docs.openc3.com/static/img/telemetry_viewer/widgets/horizontalline.png	image/png
docs.openc3.com/static/img/telemetry_viewer/widgets/iframe.png	image/png
docs.openc3.com/static/img/telemetry_viewer/widgets/imageviewer.png	image/png
docs.openc3.com/static/img/telemetry_viewer/widgets/label.png	image/png
docs.openc3.com/static/img/telemetry_viewer/widgets/labelled.png	image/png
docs.openc3.com/static/img/telemetry_viewer/widgets/labelprogressbar.png	image/png
docs.openc3.com/static/img/telemetry_viewer/widgets/labelsparkline.png	image/png
docs.openc3.com/static/img/telemetry_viewer/widgets/labelvalue.png	image/png
docs.openc3.com/static/img/telemetry_viewer/widgets/labelvaluedesc.png	image/png
docs.openc3.com/static/img/telemetry_viewer/widgets/labelvaluelimitscolumn.png	image/png
docs.openc3.com/static/img/telemetry_viewer/widgets/labelvaluerangebar.png	image/png
docs.openc3.com/static/img/telemetry_viewer/widgets/led.png	image/png
docs.openc3.com/static/img/telemetry_viewer/widgets/limitsbar.png	image/png
docs.openc3.com/static/img/telemetry_viewer/widgets/limitscolor.png	image/png
docs.openc3.com/static/img/telemetry_viewer/widgets/limitscolumn.png	image/png
docs.openc3.com/static/img/telemetry_viewer/widgets/linegraph.png	image/png
docs.openc3.com/static/img/telemetry_viewer/widgets/margin.png	image/png
docs.openc3.com/static/img/telemetry_viewer/widgets/matrixbycolumns.png	image/png
docs.openc3.com/static/img/telemetry_viewer/widgets/named_widget.png	image/png
docs.openc3.com/static/img/telemetry_viewer/widgets/padding.png	image/png
docs.openc3.com/static/img/telemetry_viewer/widgets/progressbar.png	image/png
docs.openc3.com/static/img/telemetry_viewer/widgets/radiobutton.png	image/png
docs.openc3.com/static/img/telemetry_viewer/widgets/rangebar.png	image/png
docs.openc3.com/static/img/telemetry_viewer/widgets/raw.png	image/png
docs.openc3.com/static/img/telemetry_viewer/widgets/rollup.png	image/png
docs.openc3.com/static/img/telemetry_viewer/widgets/scrollwindow.png	image/png
docs.openc3.com/static/img/telemetry_viewer/widgets/signal.png	image/png
docs.openc3.com/static/img/telemetry_viewer/widgets/spacer.png	image/png
docs.openc3.com/static/img/telemetry_viewer/widgets/sparkline.png	image/png
docs.openc3.com/static/img/telemetry_viewer/widgets/subsetting.png	image/png
docs.openc3.com/static/img/telemetry_viewer/widgets/tabbook.png	image/png
docs.openc3.com/static/img/telemetry_viewer/widgets/tabitem.png	image/png
docs.openc3.com/static/img/telemetry_viewer/widgets/textbox.png	image/png
docs.openc3.com/static/img/telemetry_viewer/widgets/textcolor.png	image/png
docs.openc3.com/static/img/telemetry_viewer/widgets/textfield.png	image/png
docs.openc3.com/static/img/telemetry_viewer/widgets/time.png	image/png
docs.openc3.com/static/img/telemetry_viewer/widgets/title.png	image/png
docs.openc3.com/static/img/telemetry_viewer/widgets/value.png	image/png
docs.openc3.com/static/img/telemetry_viewer/widgets/valuelimitsbar.png	image/png
docs.openc3.com/static/img/telemetry_viewer/widgets/valuelimitscolumn.png	image/png
docs.openc3.com/static/img/telemetry_viewer/widgets/valuerangebar.png	image/png
docs.openc3.com/static/img/telemetry_viewer/widgets/vertical.png	image/png
docs.openc3.com/static/img/telemetry_viewer/widgets/verticalbox.png	image/png
docs.openc3.com/static/img/telemetry_viewer/widgets/width.png	image/png
docs.openc3.com/static/img/tlm-processing.png	image/png
docs.openc3.com/static/img/upgrading/bucket_explorer.png	image/png
docs/assets/images/activity-35dc5e3ab907ff79a599ab728b7a4ace155d86835a09f0c6fa8ceebf184b7984.png	image/png
docs/assets/images/add_command-46f5156d66ce939d3baf87e565193dc4cd281c11c09cb15e11f3a08fdb750b4a.png	image/png
docs/assets/images/add_component-883814db1de410921a1d46247be60a87a51f1c51eb98d4a7f499875c83225294.png	image/png
docs/assets/images/add_item-4e7c51e0d6a7304260097ccfe8a64d7f2d2b428dba9758070a618ca0dcc89457.png	image/png
docs/assets/images/add_packet-74322c89982856286103da2c91c4246a4a8aa319c216bc1c169515ab28381cd6.png	image/png
docs/assets/images/add_role-e99225cd280a9de1e354586f00c92f52d0dae856ac015a561da2dd405de6cb55.png	image/png
docs/assets/images/add_target-f1f0d16faf5f3c1ecdfe3daa90d44d082053845d5f7a59e988d90ff0b5ba00ff.png	image/png
docs/assets/images/add_tool-6919be6e6c05db133a8816a9fc03bf98b0789a8525da4cdaa7b041b25bf9edb8.png	image/png
docs/assets/images/alert_logs-8273c6912804a4a16ce15d59cedf266f32d8c0a4ace2ab25fd8d3f149fb7fed2.png	image/png
docs/assets/images/alert_notifications-c68f0ff77eec9c2bc0d31bd6693fce4055d21722f985e418c05533992be71631.png	image/png
docs/assets/images/array-c0c541246cb3f9e355acc5c510649c29116ce4d6eb8864b9ace48e9958b36421.png	image/png
docs/assets/images/arrayplot-ab4963f7ad4eb1d7ecc646065dd43b4816a06367fa5e07d58b8cf520deff931e.png	image/png
docs/assets/images/autonomic-a2118149a079f587f8f373d61f65d4d6d5e4b3df41ec5446362a449a3b51a1b3.png	image/png
docs/assets/images/backcolor-39ca0e2a25bd98fe1c9e067f026f3a719a760d3f14ccb404e2da3a0af4235760.png	image/png
docs/assets/images/blank_calendar-e02977fafde5379efc62fbaf82686898bfc4745dd081d62e52e3ee94c46bff69.png	image/png
docs/assets/images/block-14583c7d26c1a1c6553435d57015bc5282426f7aa176804867de223009a8d4d7.png	image/png
docs/assets/images/bordercolor-a3ac15f24f91c910fcc9c8bd195232205ec44da0b428b11b71108687ce6316d3.png	image/png
docs/assets/images/bucket_explorer-99686f36cc1bbbdef44905ad33efdf2df558633c14f8e9e7e94dcbab8105d447.png	image/png
docs/assets/images/bucket_explorer-ba88a20121198c3441a6af5302ab1a6ad62a171661037e9e3bfd312ca8bdb5ef.png	image/png
docs/assets/images/button-3f6fd69518f4b2c60b15605ca607cda8b596d4d5e804b867f09f750a47b6cbad.png	image/png
docs/assets/images/canvasdot-d634bed1905d13b0da41200e62781cea6e012b5d68fc914f4c11f512c9c4f7fd.png	image/png
docs/assets/images/canvasimage-6f6f83dc6d777fdff0b820287a96ad171a475fda2896c0a3b678b14984e496fd.png	image/png
docs/assets/images/canvasimagevalue-8c835310f99cebbb15ad34632c77370cf4cc9b95535040fa4723df8baedb5b57.png	image/png
docs/assets/images/canvaslabel-68ee99da9ef15924a2b5b41c60ba7de47382d036eece57574411839ff5ec14e4.png	image/png
docs/assets/images/canvaslabelvalue-43254b6647e626939e79ec7e0940e921582039af006e5024c952881ba196b165.png	image/png
docs/assets/images/canvasline-c5120da84530d4a60a04d40d5565daede656639808d1a456f430e9404a2d5bad.png	image/png
docs/assets/images/canvaslinevalue-5540d10997f723fd09b269b75997452622a3c4333ed4f25628747c1212699255.png	image/png
docs/assets/images/change_limits_set-b72da282ea28d783bd7e1d0cd48db72486dacb4e76e1cd46d52c7999028d9c0d.png	image/png
docs/assets/images/checkbutton-c263b840dcdbeca5cd886884fe8f24bedac7daac5a0ca224a1fb2cce3e24bdf6.png	image/png
docs/assets/images/checks_rb-4e28c3a8422638404e790054f83f6a61592f5cf848ff6d9bd1ce228813622c9a.png	image/png
docs/assets/images/cmd-processing-f279f2a9798a3000e07540ec5d4eaf095a84b312cd673285b595eebf901f4663.png	image/png
docs/assets/images/cmd_authority-34cde391ad5109ad53bca40b55cb74d59e8cd1d0e70eedb3e5bf4d258c324787.png	image/png
docs/assets/images/cmd_packets-e7906db3691ccd29600e09cf005f6f53be9d9332ba4c319a1e81e1c8c6b665ed.png	image/png
docs/assets/images/cmd_raw-28307ac400b66050ada7ecc8b7701deffe8fb7f01129b63ec35a54857cb886b7.png	image/png
docs/assets/images/cmd_tlm_server-117772d4be1adbf89805f5b530da301b3dcc0d5085a552d779c9bc692bac4c44.png	image/png
docs/assets/images/collect_states-5418d5b4cb901577f2cbdeccceb254dd2e5b81b1f2c975fb15b5fc679cf23dbf.png	image/png
docs/assets/images/combobox-6c8fa241aa7c5ccf31a42a2373dbd4f6f66d9a063e98ba111d5472b5c8e21590.png	image/png
docs/assets/images/command_history-ecc9b618661ad0aefa0700047a8ab3b094372f2aa427e9fcd270dcd352a30408.png	image/png
docs/assets/images/command_queue-e5a7c681a35ccb9efa4e6f8af4a6d18afcc334b43b64e3aa30110213d913a6ee.png	image/png
docs/assets/images/command_sender-83cf2e2343133c2883c405abd0b322f6d3d4a095c6ee800158a04c8eefe474ed.png	image/png
docs/assets/images/connecting-0f804651a891ef6112a51ba8b2e4d8dcb46e3462dcbc94e7b3c75bff20fc04e7.png	image/png
docs/assets/images/core-architecture-192b1c75dfd8a01f6eda9db65ca5f30f1572b8102ed8c9130d0d1fc36fde3df7.png	image/png
docs/assets/images/cosmos-cleanroom-2f65ca2b0fb58c0b6bcdd6543932ce07edcf7028b64e6742c4e0b0958e7ada0c.png	image/png
docs/assets/images/cosmos-containers-6754f5128cfa944405a0a09076dc79de5b147756ec98504f5800e0ba74287228.png	image/png
docs/assets/images/cosmos-images-b4c0e15d1daf7324b9995197faaf6d4da8ad5e0457fe0d93300a28d610566845.png	image/png
docs/assets/images/create_activity1-5e5a8cee97e818c21e3447d96797b950fe25eb5d0e153ffc899183d28b7fd1be.png	image/png
docs/assets/images/create_activity2-12024f05a06874c9e7b544bac4bec1a263de1715dcb9fa2dc1aea054682e8269.png	image/png
docs/assets/images/create_metadata1-70387fe6ea1aafaee24b4192e76000b31ed60d3a54f957d761cefb5d21498814.png	image/png
docs/assets/images/create_metadata2-ebb8f148142b387c81df70f8a565b27942ff5f6cd5bc098a6d58a27a9b36c09e.png	image/png
docs/assets/images/create_note1-28feb5cf0ad0899db78059dc4ea2567dc9cb03c8c776f1c65dd959f2910481f4.png	image/png
docs/assets/images/create_note2-c0929ea9194606f256465cd6a6c97c60c175cf2ecbf56e6597d4886b4249fe1f.png	image/png
docs/assets/images/create_reaction1-a07e04677c269cb3eb5edd13bc7504ed6ba4c94f6a60d2b14a33680470d376fe.png	image/png
docs/assets/images/create_reaction2-63e4e9ddf06a2e8bc9911395162b5a05772f0756e8b0998bcecae64cf86c398e.png	image/png
docs/assets/images/create_reaction3-bae25e33640193d3dbbfbbfce6691479ccde16f73dbb3f0dc3023b7006259baa.png	image/png
docs/assets/images/create_trigger1-5e2f7ecf9ec2b7590aaa65503f48cd73549fea64f52e6c103370a408528538f6.png	image/png
docs/assets/images/create_trigger2-edf2c2e6aa78a2e317e07e1cdec560dfcbbd147934630459507695c71d539f3b.png	image/png
docs/assets/images/create_trigger3-e63629173ae73bbfd78b53062061336db8ea92ba4542b9a93412d8ac6ed19e7a.png	image/png
docs/assets/images/critical_cmd_sender-dd81e845489cf1efd3e08cec87da2262eb9f22dbeb3d89359edf0c58146524a1.png	image/png
docs/assets/images/data_extractor-e0cd7006244f50f7d1811ee3f287b300aa3ccfb09f4716e1dd9990d1cc38a510.png	image/png
docs/assets/images/data_flows-6796d95b379f3f69e3fcf9629c68aae389f3d9a287db5b4d0bbc385d478134b4.png	image/png
docs/assets/images/data_viewer-9eb6ce20988554325e15a6e404da9fef35b06c23548d5d136b4420f444ef94f7.png	image/png
docs/assets/images/date-d104f822ef7a1b99ade0a334e2e34c27fc6b1d087ed267f13280623a943113ce.png	image/png
docs/assets/images/debug-3103972d64395b50fff5808661fb846ae2de7d5934548ca5b88032f1ae12c541.png	image/png
docs/assets/images/delete_all_mouseover-e45ea88fcc088c18c88e03ddad5ad6fa9fa3869f67c1548bdfb3da447eceb228.png	image/png
docs/assets/images/delete_modified-ecf9beabf5e6cc6b8cc9d249ba9e313bd18d51c671ebc36029b4cebd729fa2d0.png	image/png
docs/assets/images/disable_trigger-f5bb46fbc488bd4afcb27b21888de16816485d3e4fdbd4106b874ff06042f85b.png	image/png
docs/assets/images/disk_usage-c91c5ef35de6ec1c4ebcf485c6f74c68daeac6215bf185691ed613b7fd2a95cf.png	image/png
docs/assets/images/display_settings-726614b4eda5f74fc563e4d3b1798eb3893e152a15b9420a6053f6a2e0980944.png	image/png
docs/assets/images/docker-security-bb6d4bdd60a5cd7df87a572159c6369b67bee5735be5a501b25786cabdcd4228.png	image/png
docs/assets/images/edit_all_items-1de8be31edb8443427b834f03efea4ac5bceb722e5da0c0b38b2d006ff4364a7.png	image/png
docs/assets/images/edit_graph-9618076f837e0d358ea0bfbf503d43b377805d818370405536f5a1c049209e99.png	image/png
docs/assets/images/edit_role-1ea95cfab9edd9173196018fe14ec39ad0537e0c04c8f0f5af53fcf3173867df.png	image/png
docs/assets/images/edit_screen-c655c75fe90429c0425b61cccf23835b6882975abaa56de21d58c9a4b19a4773.png	image/png
docs/assets/images/edit_temp1-545919bb22c6882d3b02cd4a4d8b9410b69e410c958b4472b8a643f48889f434.png	image/png
docs/assets/images/enable_playback_mode-27a92cc32fe71eedc55567888dc6a4759eb0a8b0db0d730489726210c2fa4f6f.png	image/png
docs/assets/images/enabled_trigger-86ce16c7294d4b954ec8b68ff344694093ed5f451fc5974f855f438557148518.png	image/png
docs/assets/images/enterprise-architecture-b10f2bb71acf3bc88294ccd52fab60d77b008a8a8db9fb6b26620c0d0403c738.png	image/png
docs/assets/images/environment_variables-72bbb71e6f428ec5efa340eb402289b6d42a84d3c5ce724025d32415242dec09.png	image/png
docs/assets/images/execution_status-88e3402ffe7e174d33f2da29f6ab70c4b5f82d2ee148ead73565a55361beff3d.png	image/png
docs/assets/images/file_menu-1c05cfc08f9d07b3f7122d2fe1ad98ed428dc563d2c5d2edddbed71f46779eb8.png	image/png
docs/assets/images/file_menu-368e6f03ad620e01bf83fb991aace23312d45629bfcef2d3fbccd4dd9e4dbdbd.png	image/png
docs/assets/images/file_menu-470589e527d9e82ce40e0c7d4a865e33d19b42350c2429dba97186d168137b6d.png	image/png
docs/assets/images/file_menu-7880f656c65d1c95d94f11d85f83f1fb2cf1e743397022902485e1330467bdb4.png	image/png
docs/assets/images/file_menu-8a0c6243e35822617229a729a598ace78e401b6c29f66eb5e07035d77d9be1aa.png	image/png
docs/assets/images/file_menu-953e2fc0c1a5b30c90d6f748add6ee28f8b42f30fc33d0b3c8709d6c85f06585.png	image/png
docs/assets/images/file_menu-d672c1f8064e5f847a2464397c1e75ee423452f1ba4a7d0861319bc7c7891196.png	image/png
docs/assets/images/file_menu-d9ac5efbe78e58f024666452b9f28af72c6d09a3460fc7c0737c2bb74e4ea409.png	image/png
docs/assets/images/file_open-a5bc9e5ef73c12913ea4882498ceb52f93c73afaf5bb0c1083c4c1ee402f571d.png	image/png
docs/assets/images/float_minimize-a27fc649e517b279db5d2435fbd4f1de81418b9ef5f47fc83a9443bba0b1a7e0.png	image/png
docs/assets/images/formatvalue-8e2ddb6cec177fde1846d333d70168479a3bf67dd2b293764f938726b9e7cdf8.png	image/png
docs/assets/images/four_graphs-1aa5a7cb9ce51cec815fc9d8740b40e113bd171c4977711d47ef1e6daf02719e.png	image/png
docs/assets/images/gantt_view-3fe75622572f4a5bab2f73311127b71db5bf5aed475b90a2938c9ae61810ea54.png	image/png
docs/assets/images/graph_menu-289cbbb168622f661c1c98a7bd2c1b43f888e9c3560ba4e1d435ab62d0aad6de.png	image/png
docs/assets/images/graph_min_max-75be4a19a7e13a1b9b7a18a9b898b170c8ded7768b01ce6c6effd566ac8e071a.png	image/png
docs/assets/images/graph_temp1-028d8660c779136ff017b0b8a9fadb294e9ff478a65d7bd73032c3c2ed4f03d0.png	image/png
docs/assets/images/graph_temp1_temp2-ad650da0ddf1fb5c6e9764b737bfab3027f5abcb935ad86d9716dfdf13032dca.png	image/png
docs/assets/images/graph_temp1_time-53c18518755d1d1c816db7f0a67e26c5408aba32b644fda519b5ecf7a7ee9b27.png	image/png
docs/assets/images/handbooks-948da6f5aad7a4175441235f2aac82668f9233c60412e412439b2e2af0bd1a45.png	image/png
docs/assets/images/height-67268e562da2f9b2d0b9adc38d8fb2ba629504b09d798d8c26be9cfbfdad672a.png	image/png
docs/assets/images/history-04aebef1a0fdaaacc5042e5b835f850b48ea04f4fe50271d9bb57803b442d6cd.png	image/png
docs/assets/images/horizontal-11de51b6fc8baf057ca4f38a7f54a5302b58f30099331c22a074f012e53497aa.png	image/png
docs/assets/images/horizontalbox-085c91cebe26fdd5f85b467556607dd4631da5bccabd84fb164d1f46e45e60c9.png	image/png
docs/assets/images/horizontalline-0805762eadcc125ed6584a29a60e7cf8e2d76d13c6243e18eecbaba7a3803128.png	image/png
docs/assets/images/iframe-30d5a4104336b84d18ba538d668978a7986679431a7fe1fd0e3179fea08c074f.png	image/png
docs/assets/images/ignored-0917bd9f41f4e93704daa45cc0a7b70809bdbba03615d6de254336141b598992.png	image/png
docs/assets/images/imageviewer-6149159e29a35cd6694926b344836ce034ce17cc019537028a80d95460eec405.png	image/png
docs/assets/images/initial_reaction-ce5d498a90cdd5a11e24471d277ed7fcb4eecc5dcaaf05220102a3178db0805e.png	image/png
docs/assets/images/inst_clear-48f37464d774363be4a5c1d30a48d4bc7803cb806a15d80dcd3741d7a9a37811.png	image/png
docs/assets/images/inst_collect-ef36e8a1e97fde625cde7a9c300c3db61aca30140f5431f089ce6a3e5da9d7f4.png	image/png
docs/assets/images/inst_collect_hazardous-02857bda2b5e7e821d3f42d3301962ede2bb4379c469a9d62f4a0e686336f0c4.png	image/png
docs/assets/images/interface_details-b71797d470007be1e0520bb5b859b4da9cd3411303388be9e6db914a99628dff.png	image/png
docs/assets/images/interface_read_logic-0deef27c1d2fec9de2a3720a3c9ecedb21a00dca7aabd13da0b8815c037e4c26.png	image/png
docs/assets/images/interface_write_logic-3360afe1b4af20b10dafba848a21e09baccaacc06e2ec8b6c132ac7a3c99e994.png	image/png
docs/assets/images/interfaces-05db0ed276077b796b54a3bca76bd0841bfb0d700456258c878359d332ff9f8f.png	image/png
docs/assets/images/interfaces-fa10646a27eb9045b70c2c485498a864bed1896ff171b7f31f8698288e08ae73.png	image/png
docs/assets/images/keycloak_groups_token_mapper-56ed67f9b1dd46895e8e804245c08947a2f16815c23ed97e6393460741851962.png	image/png
docs/assets/images/keycloak_user_roles-d4c78e2a5d33c4ea3016250d849b3363deccd21b9562561793b81981acf773fe.png	image/png
docs/assets/images/label-25a3052a497d0db7ebf84c788baedcd01d34f4b423aceee53d6d83639a128e82.png	image/png
docs/assets/images/labelled-b8d0f0a157f48e1fa98511f9177f962e69d1e0e8c24b37cf9f355671f9d13ab8.png	image/png
docs/assets/images/labelprogressbar-c3412db92b2f4e6af20233b085ee20915414d6c4da371398a3e8f36b84971cc7.png	image/png
docs/assets/images/labelsparkline-5985a0f034a5d2fb54b040612178ac9f0d5476eb76ca7e04cacc2618a9970c69.png	image/png
docs/assets/images/labelvalue-db97724272df4815b4ecc397974f91a62c31108b98ef0657716c670ca8128051.png	image/png
docs/assets/images/labelvaluedesc-2e174a9f3443ba971683dea9a33f8aa66d0248fb92a3aff41ec26b7424b5e68c.png	image/png
docs/assets/images/labelvaluelimitscolumn-47664affa9d88150ce257e90d32c61b314d7f0b6aa6da4f5e49152be2cce4ef7.png	image/png
docs/assets/images/labelvaluerangebar-641eba160b8ef7872557584de92f046d9e4411fae3280781f9b049265cc6dd52.png	image/png
docs/assets/images/led-d333a6c7e8b1bad13b7775142c74f94b1829ddedd38814d606b2d00e76707751.png	image/png
docs/assets/images/limits_monitor-34ca441e5a7198b4dc57a27b2e6fcb973dddad5eaaa5e9bf0d60738f4143c73a.png	image/png
docs/assets/images/limitsbar-4f2758f846f6f8a1add81aeaf3b58e071792a6d2ccae9eb504e9c07ab8f8dae1.png	image/png
docs/assets/images/limitscolor-32147ddf199a0f1cb68aae5992356bbd745074821e5244d913494a4ad0b638f5.png	image/png
docs/assets/images/limitscolumn-743800180e9558c86a4f5c5d949e2b8355420a98c85ef98a3320b09defa21fe6.png	image/png
docs/assets/images/linegraph-dc3cca59601beb3ea551bbd05e4e09b6cfabd1a7cbc93b757a7d4b22c478a75b.png	image/png
docs/assets/images/list_view-edfc7b6fa90e43b85dd862f06c3662dee33b3c79be923a955706001d2f07eca4.png	image/png
docs/assets/images/log-6cf3276d9e6b7dc30573b2b6a5989c6c5defc658e2c0ae4c2150a5fd11fd49d3.png	image/png
docs/assets/images/log_explorer-97cc7347dd918410b63fa107ce9fb7c908c1babc4026a96bdea6700137da5e37.png	image/png
docs/assets/images/log_messages-6da2901ac63928daa3dcaf39a78ca9e455482c48d4ba917ee704f697e5210818.png	image/png
docs/assets/images/log_messages-6dd20c27f64fc00c8e61ee1062193fd6cb31efa4701130385c9853abfeed8495.png	image/png
docs/assets/images/logs-bfc2ef93f6e60cb3bdf409aaaf0b4315b6e98dc1b9c17bdc171e67b416d884cc.png	image/png
docs/assets/images/margin-4247b51c2c305cb961d08a807f30883b7fc6d9e3316c18174b86afe2356106dd.png	image/png
docs/assets/images/markdown_step-f2bdce0c63135523a76afd85382840f55e11c4b8e41dabcfc5e4a73ce32f870e.png	image/png
docs/assets/images/matrixbycolumns-74a67f236a97fffbdf7251fc98da2302a92df20ad16793a1617bc6f77380c9f6.png	image/png
docs/assets/images/microservices-805cc7d137958ac8183579cdb9a9845e7aef79db19723f0773f4ea4d957b48a1.png	image/png
docs/assets/images/minimized-47ddb9b9b68b47aae3d0a12cb39ab767adf446acbe213c0b5565c1bfaf8a463f.png	image/png
docs/assets/images/mode_menu-04b9187b57a09ed12481a2699a86c7504fdc1c822579b4f762865ea90cb52dd3.png	image/png
docs/assets/images/mode_menu-9ff9a2c1b2cae1eb15a7bd95c0d2bd939cf8f183a083edfcb2b70748dd1bbfe1.png	image/png
docs/assets/images/named_widget-37362db8e310e5639be849d729fd637677f72330d676da4cd6baafc4b961331c.png	image/png
docs/assets/images/new_screen-0d9bea0538e91fa2332346f1ff73b1dda2e418d295dcd7d6a13ba240cf32187e.png	image/png
docs/assets/images/notebook_menu-4a9e1f2cfd11bff5f41e7656613361c26281009c8969e763099a6077c877b8e3.png	image/png
docs/assets/images/notebooks-687be882c230f4b11e1f296ce0e0629fa8d8b29c6f482b2d4615641711a2dbb5.png	image/png
docs/assets/images/options-4cb5e315138437db9f25c87feb4be2c61738c03bc3344d46977f44a94b0af738.png	image/png
docs/assets/images/packages-72c40796a00462cca280fe6e87d6baa92f20a2efb378a0a1a60453827c4cd38f.png	image/png
docs/assets/images/packet_viewer-505c517c9a838a41d6fe668ff7ca2efb1b89ced4b75df638cd11a45484bc6533.png	image/png
docs/assets/images/padding-e8ceea8ec79def3b14d186971854c44883675d974409366b77c586eedd85025c.png	image/png
docs/assets/images/partial_import-ecf31d503f0c5eba9dec9e4a733c9c329e74098a6d09b951fb7d2f791f485039.png	image/png
docs/assets/images/playback_mode-3356cf16ee7a20aae92e6f1fb52993d86354f07df71253b1ff4efcb542e32d20.png	image/png
docs/assets/images/plugin_variables-6904e1d9003a6c8c530bd1f738f7966217beca7d3064b40670e7a4ab7e200927.png	image/png
docs/assets/images/plugins-2ecbde86aa0ef62523fb1d17c385551a2fd5ff6a8f2db890f67bfb7adf66973e.png	image/png
docs/assets/images/process_metrics-534358ca0a064ed4c24ff1a29f48686d1189e331da23e0f7a6625405278b31eb.png	image/png
docs/assets/images/processing-25c56ec1beef6f8df3db085378c31d2dd44289280414497d87ce8d12b4beebb9.png	image/png
docs/assets/images/processing_done-1d74097c066b6067e07a73735626dbff19f3102599c548b3874eb4f52ad5335d.png	image/png
docs/assets/images/progressbar-cc1095369de0d483c4a9b07ad3a76f9e966990b2aa68b2bc8177d7130ed382a7.png	image/png
docs/assets/images/project-c521374330008c1292b4da1b9a1c8af6647ab59f1617b470f26e76a521fe8059.png	image/png
docs/assets/images/protocol_details-408f871b0bd8440091ac95ca76cac353bb06d0b3a6c3f756dd11e7e746d7c20c.png	image/png
docs/assets/images/radiobutton-9151f7cb0dae5120e51e05b5575981c143e19f350e84c7e190d3dd78aa80fae8.png	image/png
docs/assets/images/rangebar-ceae5a30609ab12625e29fd479e88fb3ba16eb12879976edc807da87547a275d.png	image/png
docs/assets/images/raw-63c1dd793f4a734e7d512bf4c0c3722831c38d5392a1a1b0cb77bbef4d16b96b.png	image/png
docs/assets/images/raw_tlm_logs-b293435cebbd5d4f04ab8a469ce2b4eb66f4cfd046d7b18ee417893336816b85.png	image/png
docs/assets/images/redis-4553b5b35292cca3df1fa08577f2175efef34e0fdfe512f30ca70785b086b24f.png	image/png
docs/assets/images/redis_metrics-646d362a7855604a8b6de1b7064f6949914be7b84ad1ab78822990d56d6ebcc1.png	image/png
docs/assets/images/refresh_interval-8673071593ce24cb2bb0adedfd0e7fc4d612496c393c7f3f52ba37db497f9344.png	image/png
docs/assets/images/reload_file-056b240b1d48539a9fecfe2ad1bac0c27d83f5dddcd29af6cf719986869406ee.png	image/png
docs/assets/images/reloaded-516bc4c257f9b7f6ce3714f5a06eeef8ad47a8461e21613ba26989d5e56260ec.png	image/png
docs/assets/images/right_click-81df09085fe9f75805cf35b5876177789eef0d879b54a734a8395e3817f1959d.png	image/png
docs/assets/images/roles-37653453a2f2b704aacdf1c56c45d46b5fe56ac71c38a6d1fe29510fdc3ac203.png	image/png
docs/assets/images/rollup-ff0cecc0daa8dbdc84bc2a81efe4625b88f36a699368ada18e70c8d3d0c63c06.png	image/png
docs/assets/images/routers-489fe07165973feede7a63adf71781cca7ecb1f7d17c069761c1c57e70cf926e.png	image/png
docs/assets/images/running_scripts-694a1b310d42791acf64cf76ea370bb273084954107d5e6e2caf15f4fb50e634.png	image/png
docs/assets/images/scopes-dd892c6192160e86820a63d0d7798ed75eff4f96a4be9be0fb6bddebb82a9ddc.png	image/png
docs/assets/images/screen_step-14db54550fe12c5466747b1002ce40b88f97d4f79cc4bc3dd161f64c62da252b.png	image/png
docs/assets/images/script_error-2061222e00f5e5190a4407be1f8999200badca9b3137659de007e27cf1708dc0.png	image/png
docs/assets/images/script_menu-5a10df89d9806a59b41ef990fc1181c46c7ffa00496021efceb22c0f31dcc9cc.png	image/png
docs/assets/images/script_messages-5c30dab8202ae3d18fa1f12cdd43f409967b1d4ac84a4a0e96bf027041ab9a07.png	image/png
docs/assets/images/script_runner-31f6bfcb631b788ff0bf792ac21da30aaa503ca926b10a22d4337114effc28f0.png	image/png
docs/assets/images/script_step-122ae78226a6fa16c7bdfd2b209779000692f09de6548275c8e0146bd4655bde.png	image/png
docs/assets/images/script_suite-0d1f45f9226d3ac0ed12d5ce91220dccf88402fd8582c4512acc8886a3cf2249.png	image/png
docs/assets/images/scrollwindow-03e2823bf392679f0bd26159f476bad2f6d70a7ebb5a31e109fd75ad681cdd50.png	image/png
docs/assets/images/secrets-c8daf324829a0d4dde1d30f9da89d884ca06ce458e400dfa5d1de4ccb10395a1.png	image/png
docs/assets/images/settings1-36a446ec0455ae5ab3a6d225647264647e517e1e2d83da5c639a63756e0339a6.png	image/png
docs/assets/images/settings2-c18e478b65ba569bea37a2bb185b4702e347aecc570fbc7b26a6e66aeecc9129.png	image/png
docs/assets/images/signal-0e5def1ecb42b4688c7c6ab616ae87ef05c8b9afb5b1a27077e6cc9127721668.png	image/png
docs/assets/images/simple_screen-e3de1ad836c0661d73a0ba970f991c64df8ecc7e23f9e944b6508a9a43fbc33c.png	image/png
docs/assets/images/skip_existing_users-40511758ef3dde20cecfd9b5ba6960d95ab99530bdda4e28a8898e6d88fa41e8.png	image/png
docs/assets/images/snoozed_reaction-75ef2acab11a71f5827fbc0a1be95cf0fd6bd5b24b76f9ae6ebaf43fb293ba81.png	image/png
docs/assets/images/spacer-055e206bed0b13cba778071458407f184a690a8f2d5ff9cd9789f925c60c4886.png	image/png
docs/assets/images/sparkline-c5f8ecd361eef8172a9dea7ff70f3c1b056a3a00b525459429ead67d00c0c0e5.png	image/png
docs/assets/images/status-9b7ac4d919d196a2bf3379d0cb262c6609fb98074c744533bb9132097cb52155.png	image/png
docs/assets/images/subsetting-ef46d38a0ba47b2fd0ad48422ccc7343a6ff88901c8a9675a27c13c9313e222b.png	image/png
docs/assets/images/suite_checkboxes-af8452153dbc2143718fefcfc7d441e05f42c241b3c10d4f41200ae576f68063.png	image/png
docs/assets/images/system_health_configuration-728cde02f1da6b75e606152e113e288b6d949dd1f4183c4691b0f61c4c47b30e.png	image/png
docs/assets/images/system_overview_gauges-3975fb0011287cf4f98af7dfdf9dba681943913c0b47642645cd19b583e35b74.png	image/png
docs/assets/images/systemhealth-fc26a7d9cda6242569255ecd4264d1c91ad47d85a3805b610d3c946e0d10cfbf.png	image/png
docs/assets/images/tabitem-58fb7c6faa16ac04a0561a0315515852ad43ebdfbf709bd65b211af29f2f85f1.png	image/png
docs/assets/images/table_manager-816d7a683e6883cb8049e5ec8ffef3076b37a489edcc0e5331bc5d81ab506da2.png	image/png
docs/assets/images/targets-b07f7cd9f19a4ca02d2838a4de58c25168f01ee256e692878e3b27b833632aca.png	image/png
docs/assets/images/targets-c02c28769712aa226fdcbd3b90329285aeb39e775b9be1df6ab0e2ad31231518.png	image/png
docs/assets/images/telemetry_grapher-3a37c074a25b7912a76d96fd46a1431d27202d71374f78c829f273e5cb342233.png	image/png
docs/assets/images/telemetry_viewer-e4ac466930993a640f95aea4b01bb9a415eec77dfbfaa184f767cb59940ba943.png	image/png
docs/assets/images/temp1_details-4c4bbe7c2d60e636f0304ee8ac7237af8db2bdba8666c9ae2dc0a105eca248f2.png	image/png
docs/assets/images/textbox-9e4a1eb37cf68aabf92e326ff248d098a70295ffe6f7cf2e002a5dbff9ff0ef5.png	image/png
docs/assets/images/textcolor-e6d5bb0fba3786e4da7dd5e739306500ddc5fc6a4ead8e212bbe99a80433596c.png	image/png
docs/assets/images/textfield-931f510c2160ed8e5475bee78fa4c6cebd67d9195d92a22600217824ff55943d.png	image/png
docs/assets/images/themes-84073ca9ff116ddc3beca57d81dccf26b4406639cf1ce7e401e116b8e89146f7.png	image/png
docs/assets/images/time-d77e3f94633eb1008d5a382054940052070f5a4cd385f4a9203c0f60d406d7c6.png	image/png
docs/assets/images/timeline-78e3ab74af1b600eb6640831133f0240a9c20047956b18b729263988a66b8e00.png	image/png
docs/assets/images/timeline_lifecycle-0bd916dee06bf67936b043abfdbc4d5fdec7cc5a32a889ee6c05e9faf74f4c6a.png	image/png
docs/assets/images/title-5817bee0aa4702b4fd22c81a25e8036c1afc88a465a68d79707b2d58fb48789a.png	image/png
docs/assets/images/tlm-processing-777ee1034099291dc996b4f835f9357f2c93039afb2cde675ebf8ecee1c6a396.png	image/png
docs/assets/images/tlm_packets-18345c00fd6cc01a9f7a1e363fdf8375769ba5afa4ccf22c45925184eefc57ca.png	image/png
docs/assets/images/tlm_raw-cc2223b25e8fc732557856168fd7fa04e7b3459bbd163825639fb6235a8e6180.png	image/png
docs/assets/images/tools-d3ea80e2fdc04e5b85743146ebaf1fc7f1406b7b5e6ec9b700ed35dedc8d16e6.png	image/png
docs/assets/images/trigger_groups-6d9ccc6962029baa456f2d12de0fd3d03e1dbafdbf069cea65886296d2b2bde0.png	image/png
docs/assets/images/two_full_height-ccba2940b80345f3569ea47b7ddd3390c08195de91559f5586f85e36e411afd6.png	image/png
docs/assets/images/two_full_width-0116adbf994500a24d4717e002d32098f8d6197bcece510b84b90400f23feade.png	image/png
docs/assets/images/value-825b95d71be2c565e1d3fa5c57ec94be1bbb6e0a1e8166abb8617d5f50a93d39.png	image/png
docs/assets/images/valuelimitsbar-fd7637e8b4287430ab21a888acd1d10276438186bad6d204a4081c1b0423950f.png	image/png
docs/assets/images/valuelimitscolumn-aecfce9016c27e500eb506675bd372f77df1d671fd8fb0f30debe18c5cfee46c.png	image/png
docs/assets/images/valuerangebar-3a860f1fb4af1beeeb846c389c60f08eb633cc15cbb6f1c09509b5f5c0116d56.png	image/png
docs/assets/images/vertical-d4ea61f78a2cfc2cacc725f0a5dea194ab75278f0cb676e4a749f55d58a632f3.png	image/png
docs/assets/images/verticalbox-75738427d398302986b52afb373acef11abf3a24f60d20b8cca442688054b22b.png	image/png
docs/assets/images/view_menu-a02cfbd5e6fafa5d3b4f1ae76bfbd63f49388939b4732bf91709f48e44498d19.png	image/png
docs/assets/images/width-1a69354459761ea23e4824436ef364124236f9bb96d46a28c97d8ff20d07ab81.png	image/png
docs/img/BCT.png	image/png
docs/img/OpenC3.png	image/png
docs/img/admin/add_tool.png	image/png
docs/img/admin/interfaces.png	image/png
docs/img/admin/microservices.png	image/png
docs/img/admin/packages.png	image/png
docs/img/admin/plugins.png	image/png
docs/img/admin/redis.png	image/png
docs/img/admin/roles.png	image/png
docs/img/admin/routers.png	image/png
docs/img/admin/scopes.png	image/png
docs/img/admin/secrets.png	image/png
docs/img/admin/settings1.png	image/png
docs/img/admin/settings2.png	image/png
docs/img/admin/targets.png	image/png
docs/img/admin/themes.png	image/png
docs/img/admin/tools.png	image/png
docs/img/article-footer.png	image/png
docs/img/autonomic/autonomic.png	image/png
docs/img/autonomic/create_reaction1.png	image/png
docs/img/autonomic/create_reaction2.png	image/png
docs/img/autonomic/create_reaction3.png	image/png
docs/img/autonomic/create_trigger1.png	image/png
docs/img/autonomic/create_trigger2.png	image/png
docs/img/autonomic/create_trigger3.png	image/png
docs/img/autonomic/disable_trigger.png	image/png
docs/img/autonomic/enabled_trigger.png	image/png
docs/img/autonomic/initial_reaction.png	image/png
docs/img/autonomic/snoozed_reaction.png	image/png
docs/img/autonomic/trigger_groups.png	image/png
docs/img/ball.jpg	image/jpeg
docs/img/black_logo.svg	image/svg+xml
docs/img/bucket_explorer/bucket_explorer.png	image/png
docs/img/calendar/activity.png	image/png
docs/img/calendar/blank_calendar.png	image/png
docs/img/calendar/calendar.png	image/png
docs/img/calendar/create_activity1.png	image/png
docs/img/calendar/create_activity2.png	image/png
docs/img/calendar/create_metadata1.png	image/png
docs/img/calendar/create_metadata2.png	image/png
docs/img/calendar/create_note1.png	image/png
docs/img/calendar/create_note2.png	image/png
docs/img/calendar/gantt_view.png	image/png
docs/img/calendar/list_view.png	image/png
docs/img/calendar/options.png	image/png
docs/img/calendar/timeline.png	image/png
docs/img/calendar/timeline_lifecycle.png	image/png
docs/img/captech.gif	image/gif
docs/img/cmd-processing.png	image/png
docs/img/cmd_tlm_server/cmd_authority.png	image/png
docs/img/cmd_tlm_server/cmd_packets.png	image/png
docs/img/cmd_tlm_server/cmd_raw.png	image/png
docs/img/cmd_tlm_server/cmd_tlm_server.png	image/png
docs/img/cmd_tlm_server/critical_cmd_sender.png	image/png
docs/img/cmd_tlm_server/data_flows.png	image/png
docs/img/cmd_tlm_server/file_menu.png	image/png
docs/img/cmd_tlm_server/interface_details.png	image/png
docs/img/cmd_tlm_server/interfaces.png	image/png
docs/img/cmd_tlm_server/log_messages.png	image/png
docs/img/cmd_tlm_server/protocol_details.png	image/png
docs/img/cmd_tlm_server/routers.png	image/png
docs/img/cmd_tlm_server/status.png	image/png
docs/img/cmd_tlm_server/targets.png	image/png
docs/img/cmd_tlm_server/tlm_packets.png	image/png
docs/img/cmd_tlm_server/tlm_raw.png	image/png
docs/img/command_history/command_history.png	image/png
docs/img/command_queue/add_command.png	image/png
docs/img/command_queue/command_queue.png	image/png
docs/img/command_sender/collect_states.png	image/png
docs/img/command_sender/command_sender.png	image/png
docs/img/command_sender/history.png	image/png
docs/img/command_sender/inst_clear.png	image/png
docs/img/command_sender/inst_collect.png	image/png
docs/img/command_sender/inst_collect_hazardous.png	image/png
docs/img/command_sender/inst_collect_hazardous_history.png	image/png
docs/img/command_sender/mode_menu.png	image/png
docs/img/contact/jason.png	image/png
docs/img/contact/ryan.jpeg	image/jpeg
docs/img/core-architecture.png	image/png
docs/img/cosmos-cleanroom.png	image/png
docs/img/cosmos-containers.png	image/png
docs/img/cosmos-images.png	image/png
docs/img/data_extractor/add_item.png	image/png
docs/img/data_extractor/add_packet.png	image/png
docs/img/data_extractor/add_target.png	image/png
docs/img/data_extractor/data_extractor.png	image/png
docs/img/data_extractor/delete_all_mouseover.png	image/png
docs/img/data_extractor/edit_all_items.png	image/png
docs/img/data_extractor/edit_all_mouseover.png	image/png
docs/img/data_extractor/edit_temp1.png	image/png
docs/img/data_extractor/file_menu.png	image/png
docs/img/data_extractor/mode_menu.png	image/png
docs/img/data_extractor/processing.png	image/png
docs/img/data_extractor/processing_done.png	image/png
docs/img/data_viewer/add_component.png	image/png
docs/img/data_viewer/data_viewer.png	image/png
docs/img/data_viewer/display_settings.png	image/png
docs/img/data_viewer/file_menu.png	image/png
docs/img/docker-local-security.png	image/png
docs/img/docker-security.png	image/png
docs/img/docusaurus-social-card.jpg	image/jpeg
docs/img/docusaurus.png	image/png
docs/img/enterprise-architecture.png	image/png
docs/img/favicon.png	image/png
docs/img/footer-logo.png	image/png
docs/img/generator/plugin_files.png	image/png
docs/img/generator/target_files.png	image/png
docs/img/guides/keycloak_migration/partial_import.png	image/png
docs/img/guides/keycloak_migration/skip_existing_users.png	image/png
docs/img/guides/local_mode/delete_modified.png	image/png
docs/img/guides/local_mode/project.png	image/png
docs/img/guides/local_mode/reload_file.png	image/png
docs/img/guides/local_mode/reloaded.png	image/png
docs/img/guides/logging/log_messages.png	image/png
docs/img/guides/logging/logs.png	image/png
docs/img/guides/logging/raw_tlm_logs.png	image/png
docs/img/guides/logging/script_messages.png	image/png
docs/img/guides/plugin_variables.png	image/png
docs/img/guides/roles-permissions/add_role.png	image/png
docs/img/guides/roles-permissions/edit_role.png	image/png
docs/img/guides/roles-permissions/keycloak_groups_token_mapper.png	image/png
docs/img/guides/roles-permissions/keycloak_user_roles.png	image/png
docs/img/guides/simple_screen.png	image/png
docs/img/handbooks/handbooks.png	image/png
docs/img/interface_read_logic.png	image/png
docs/img/interface_write_logic.png	image/png
docs/img/johnh.gif	image/gif
docs/img/limits_monitor/change_limits_set.png	image/png
docs/img/limits_monitor/file_menu.png	image/png
docs/img/limits_monitor/ignored.png	image/png
docs/img/limits_monitor/limits_monitor.png	image/png
docs/img/limits_monitor/log.png	image/png
docs/img/lockheed.png	image/png
docs/img/log_explorer/log_explorer.png	image/png
docs/img/logo.svg	image/svg+xml
docs/img/nasa.gif	image/gif
docs/img/notebooks/execution_status.png	image/png
docs/img/notebooks/markdown_step.png	image/png
docs/img/notebooks/notebook_menu.png	image/png
docs/img/notebooks/notebooks.png	image/png
docs/img/notebooks/screen_step.png	image/png
docs/img/notebooks/script_step.png	image/png
docs/img/packet_viewer/file_menu.png	image/png
docs/img/packet_viewer/packet_viewer.png	image/png
docs/img/packet_viewer/temp1_details.png	image/png
docs/img/packet_viewer/view_menu.png	image/png
docs/img/script_runner/checks_rb.png	image/png
docs/img/script_runner/connecting.png	image/png
docs/img/script_runner/debug.png	image/png
docs/img/script_runner/edit_menu.png	image/png
docs/img/script_runner/environment_variables.png	image/png
docs/img/script_runner/file_menu.png	image/png
docs/img/script_runner/file_open.png	image/png
docs/img/script_runner/file_save_as.png	image/png
docs/img/script_runner/right_click.png	image/png
docs/img/script_runner/running_scripts.png	image/png
docs/img/script_runner/script_error.png	image/png
docs/img/script_runner/script_menu.png	image/png
docs/img/script_runner/script_runner.png	image/png
docs/img/script_runner/script_suite.png	image/png
docs/img/script_runner/suite_checkboxes.png	image/png
docs/img/sdlusu.gif	image/gif
docs/img/systemhealth/alert_logs.png	image/png
docs/img/systemhealth/alert_notifications.png	image/png
docs/img/systemhealth/disk_usage.png	image/png
docs/img/systemhealth/process_metrics.png	image/png
docs/img/systemhealth/redis_metrics.png	image/png
docs/img/systemhealth/refresh_interval.png	image/png
docs/img/systemhealth/system_health_configuration.png	image/png
docs/img/systemhealth/system_overview_gauges.png	image/png
docs/img/systemhealth/systemhealth.png	image/png
docs/img/table_manager/file_menu.png	image/png
docs/img/table_manager/table_manager.png	image/png
docs/img/telemetry_grapher/edit_graph.png	image/png
docs/img/telemetry_grapher/file_menu.png	image/png
docs/img/telemetry_grapher/four_graphs.png	image/png
docs/img/telemetry_grapher/graph_menu.png	image/png
docs/img/telemetry_grapher/graph_min_max.png	image/png
docs/img/telemetry_grapher/graph_temp1.png	image/png
docs/img/telemetry_grapher/graph_temp1_temp2.png	image/png
docs/img/telemetry_grapher/graph_temp1_time.png	image/png
docs/img/telemetry_grapher/grapher_controls.png	image/png
docs/img/telemetry_grapher/minimized.png	image/png
docs/img/telemetry_grapher/stop_start.png	image/png
docs/img/telemetry_grapher/telemetry_grapher.png	image/png
docs/img/telemetry_grapher/two_full_height.png	image/png
docs/img/telemetry_grapher/two_full_width.png	image/png
docs/img/telemetry_viewer/edit_screen.png	image/png
docs/img/telemetry_viewer/enable_playback_mode.png	image/png
docs/img/telemetry_viewer/file_menu.png	image/png
docs/img/telemetry_viewer/float_minimize.png	image/png
docs/img/telemetry_viewer/new_screen.png	image/png
docs/img/telemetry_viewer/playback_mode.png	image/png
docs/img/telemetry_viewer/telemetry_viewer.png	image/png
docs/img/telemetry_viewer/widgets/array.png	image/png
docs/img/telemetry_viewer/widgets/arrayplot.png	image/png
docs/img/telemetry_viewer/widgets/backcolor.png	image/png
docs/img/telemetry_viewer/widgets/block.png	image/png
docs/img/telemetry_viewer/widgets/bordercolor.png	image/png
docs/img/telemetry_viewer/widgets/button.png	image/png
docs/img/telemetry_viewer/widgets/canvasdot.png	image/png
docs/img/telemetry_viewer/widgets/canvasimage.png	image/png
docs/img/telemetry_viewer/widgets/canvasimagevalue.png	image/png
docs/img/telemetry_viewer/widgets/canvaslabel.png	image/png
docs/img/telemetry_viewer/widgets/canvaslabelvalue.png	image/png
docs/img/telemetry_viewer/widgets/canvasline.png	image/png
docs/img/telemetry_viewer/widgets/canvaslinevalue.png	image/png
docs/img/telemetry_viewer/widgets/checkbutton.png	image/png
docs/img/telemetry_viewer/widgets/combobox.png	image/png
docs/img/telemetry_viewer/widgets/date.png	image/png
docs/img/telemetry_viewer/widgets/formatvalue.png	image/png
docs/img/telemetry_viewer/widgets/height.png	image/png
docs/img/telemetry_viewer/widgets/horizontal.png	image/png
docs/img/telemetry_viewer/widgets/horizontalbox.png	image/png
docs/img/telemetry_viewer/widgets/horizontalline.png	image/png
docs/img/telemetry_viewer/widgets/iframe.png	image/png
docs/img/telemetry_viewer/widgets/imageviewer.png	image/png
docs/img/telemetry_viewer/widgets/label.png	image/png
docs/img/telemetry_viewer/widgets/labelled.png	image/png
docs/img/telemetry_viewer/widgets/labelprogressbar.png	image/png
docs/img/telemetry_viewer/widgets/labelsparkline.png	image/png
docs/img/telemetry_viewer/widgets/labelvalue.png	image/png
docs/img/telemetry_viewer/widgets/labelvaluedesc.png	image/png
docs/img/telemetry_viewer/widgets/labelvaluelimitscolumn.png	image/png
docs/img/telemetry_viewer/widgets/labelvaluerangebar.png	image/png
docs/img/telemetry_viewer/widgets/led.png	image/png
docs/img/telemetry_viewer/widgets/limitsbar.png	image/png
docs/img/telemetry_viewer/widgets/limitscolor.png	image/png
docs/img/telemetry_viewer/widgets/limitscolumn.png	image/png
docs/img/telemetry_viewer/widgets/linegraph.png	image/png
docs/img/telemetry_viewer/widgets/margin.png	image/png
docs/img/telemetry_viewer/widgets/matrixbycolumns.png	image/png
docs/img/telemetry_viewer/widgets/named_widget.png	image/png
docs/img/telemetry_viewer/widgets/padding.png	image/png
docs/img/telemetry_viewer/widgets/progressbar.png	image/png
docs/img/telemetry_viewer/widgets/radiobutton.png	image/png
docs/img/telemetry_viewer/widgets/rangebar.png	image/png
docs/img/telemetry_viewer/widgets/raw.png	image/png
docs/img/telemetry_viewer/widgets/rollup.png	image/png
docs/img/telemetry_viewer/widgets/scrollwindow.png	image/png
docs/img/telemetry_viewer/widgets/signal.png	image/png
docs/img/telemetry_viewer/widgets/spacer.png	image/png
docs/img/telemetry_viewer/widgets/sparkline.png	image/png
docs/img/telemetry_viewer/widgets/subsetting.png	image/png
docs/img/telemetry_viewer/widgets/tabbook.png	image/png
docs/img/telemetry_viewer/widgets/tabitem.png	image/png
docs/img/telemetry_viewer/widgets/textbox.png	image/png
docs/img/telemetry_viewer/widgets/textcolor.png	image/png
docs/img/telemetry_viewer/widgets/textfield.png	image/png
docs/img/telemetry_viewer/widgets/time.png	image/png
docs/img/telemetry_viewer/widgets/title.png	image/png
docs/img/telemetry_viewer/widgets/value.png	image/png
docs/img/telemetry_viewer/widgets/valuelimitsbar.png	image/png
docs/img/telemetry_viewer/widgets/valuelimitscolumn.png	image/png
docs/img/telemetry_viewer/widgets/valuerangebar.png	image/png
docs/img/telemetry_viewer/widgets/vertical.png	image/png
docs/img/telemetry_viewer/widgets/verticalbox.png	image/png
docs/img/telemetry_viewer/widgets/width.png	image/png
docs/img/tlm-processing.png	image/png
docs/img/upgrading/bucket_explorer.png	image/png
examples/openc3-cosmos-mqtt-test/img/command_sender.png	image/png
examples/openc3-cosmos-mqtt-test/img/install_authenticated.png	image/png
examples/openc3-cosmos-mqtt-test/img/install_cert.png	image/png
examples/openc3-cosmos-mqtt-test/img/install_encrypted.png	image/png
examples/openc3-cosmos-mqtt-test/img/install_unauthenticated.png	image/png
examples/openc3-cosmos-mqtt-test/img/packet_viewer.png	image/png
examples/openc3-cosmos-mqtt-test/img/secrets_ca_cert.png	image/png
examples/openc3-cosmos-mqtt-test/img/secrets_key.png	image/png
examples/openc3-cosmos-mqtt-test/img/secrets_password.png	image/png
openc3-buckets/versitygw_v1.4.1_Linux_arm64.tar.gz	application/gzip
openc3-buckets/versitygw_v1.4.1_Linux_x86_64.tar.gz	application/gzip
openc3-cosmos-cmd-tlm-api/spec/fixtures/files/20210304204857274290500__20210304205857276524900__DEFAULT__INST__PARAMS__rt__raw.bin.gz	application/gzip
openc3-cosmos-cmd-tlm-api/spec/fixtures/files/20210304204857274290500__20210304205857276524900__DEFAULT__INST__PARAMS__rt__raw.idx.gz	application/gzip
openc3-cosmos-cmd-tlm-api/spec/fixtures/files/20210304204857274290500__20210304205858274347600__DEFAULT__INST__PARAMS__rt__decom.bin.gz	application/gzip
openc3-cosmos-cmd-tlm-api/spec/fixtures/files/20210304204857274290500__20210304205858274347600__DEFAULT__INST__PARAMS__rt__decom.idx.gz	application/gzip
openc3-cosmos-init/plugins/packages/openc3-cosmos-demo/public/store_img.png	image/png
openc3-cosmos-init/plugins/packages/openc3-cosmos-demo/targets/INST/cmd_tlm/_cbor_template.bin	application/octet-stream
openc3-cosmos-init/plugins/packages/openc3-cosmos-demo/targets/INST/data/attitude.bin	application/octet-stream
openc3-cosmos-init/plugins/packages/openc3-cosmos-demo/targets/INST/data/position.bin	application/octet-stream
openc3-cosmos-init/plugins/packages/openc3-cosmos-demo/targets/INST/public/ganymede.jpg	image/jpeg
openc3-cosmos-init/plugins/packages/openc3-cosmos-demo/targets/INST/public/ground_error.png	image/png
openc3-cosmos-init/plugins/packages/openc3-cosmos-demo/targets/INST/public/ground_off.png	image/png
openc3-cosmos-init/plugins/packages/openc3-cosmos-demo/targets/INST/public/ground_on.png	image/png
openc3-cosmos-init/plugins/packages/openc3-cosmos-demo/targets/INST/public/satellite.png	image/png
openc3-cosmos-init/plugins/packages/openc3-cosmos-demo/targets/INST/public/spiral.jpg	image/jpeg
openc3-cosmos-init/plugins/packages/openc3-cosmos-demo/targets/INST/public/sun.jpg	image/jpeg
openc3-cosmos-init/plugins/packages/openc3-cosmos-demo/targets/INST/tables/bin/ConfigTables.bin	application/octet-stream
openc3-cosmos-init/plugins/packages/openc3-cosmos-demo/targets/INST2/cmd_tlm/_cbor_template.bin	application/octet-stream
openc3-cosmos-init/plugins/packages/openc3-cosmos-demo/targets/INST2/data/attitude.bin	application/octet-stream
openc3-cosmos-init/plugins/packages/openc3-cosmos-demo/targets/INST2/data/position.bin	application/octet-stream
openc3-cosmos-init/plugins/packages/openc3-cosmos-demo/targets/INST2/public/ganymede.jpg	image/jpeg
openc3-cosmos-init/plugins/packages/openc3-cosmos-demo/targets/INST2/public/ground_error.png	image/png
openc3-cosmos-init/plugins/packages/openc3-cosmos-demo/targets/INST2/public/ground_off.png	image/png
openc3-cosmos-init/plugins/packages/openc3-cosmos-demo/targets/INST2/public/ground_on.png	image/png
openc3-cosmos-init/plugins/packages/openc3-cosmos-demo/targets/INST2/public/satellite.png	image/png
openc3-cosmos-init/plugins/packages/openc3-cosmos-demo/targets/INST2/public/spiral.jpg	image/jpeg
openc3-cosmos-init/plugins/packages/openc3-cosmos-demo/targets/INST2/public/sun.jpg	image/jpeg
openc3-cosmos-init/plugins/packages/openc3-cosmos-demo/targets/INST2/tables/bin/ConfigTables.bin	application/octet-stream
openc3-cosmos-init/plugins/packages/openc3-tool-base/public/favicon-16x16.png	image/png
openc3-cosmos-init/plugins/packages/openc3-tool-base/public/favicon-32x32.png	image/png
openc3-cosmos-init/plugins/packages/openc3-tool-base/public/favicon.ico	image/vnd.microsoft.icon
openc3-cosmos-init/plugins/packages/openc3-tool-base/public/fonts/materialdesignicons-webfont.eot	application/vnd.ms-fontobject
openc3-cosmos-init/plugins/packages/openc3-tool-base/public/fonts/materialdesignicons-webfont.ttf	font/sfnt
openc3-cosmos-init/plugins/packages/openc3-tool-base/public/fonts/materialdesignicons-webfont.woff	application/octet-stream
openc3-cosmos-init/plugins/packages/openc3-tool-base/public/fonts/materialdesignicons-webfont.woff2	application/octet-stream
openc3-cosmos-init/plugins/packages/openc3-tool-base/public/fonts/roboto/KFOkCnqEu92Fr1MmgVxEIzIFKw.woff2	application/octet-stream
openc3-cosmos-init/plugins/packages/openc3-tool-base/public/fonts/roboto/KFOkCnqEu92Fr1MmgVxFIzIFKw.woff2	application/octet-stream
openc3-cosmos-init/plugins/packages/openc3-tool-base/public/fonts/roboto/KFOkCnqEu92Fr1MmgVxGIzIFKw.woff2	application/octet-stream
openc3-cosmos-init/plugins/packages/openc3-tool-base/public/fonts/roboto/KFOkCnqEu92Fr1MmgVxHIzIFKw.woff2	application/octet-stream
openc3-cosmos-init/plugins/packages/openc3-tool-base/public/fonts/roboto/KFOkCnqEu92Fr1MmgVxIIzI.woff2	application/octet-stream
openc3-cosmos-init/plugins/packages/openc3-tool-base/public/fonts/roboto/KFOkCnqEu92Fr1MmgVxLIzIFKw.woff2	application/octet-stream
openc3-cosmos-init/plugins/packages/openc3-tool-base/public/fonts/roboto/KFOkCnqEu92Fr1MmgVxMIzIFKw.woff2	application/octet-stream
openc3-cosmos-init/plugins/packages/openc3-tool-base/public/fonts/roboto/KFOlCnqEu92Fr1MmEU9fABc4EsA.woff2	application/octet-stream
openc3-cosmos-init/plugins/packages/openc3-tool-base/public/fonts/roboto/KFOlCnqEu92Fr1MmEU9fBBc4.woff2	application/octet-stream
openc3-cosmos-init/plugins/packages/openc3-tool-base/public/fonts/roboto/KFOlCnqEu92Fr1MmEU9fBxc4EsA.woff2	application/octet-stream
openc3-cosmos-init/plugins/packages/openc3-tool-base/public/fonts/roboto/KFOlCnqEu92Fr1MmEU9fCBc4EsA.woff2	application/octet-stream
openc3-cosmos-init/plugins/packages/openc3-tool-base/public/fonts/roboto/KFOlCnqEu92Fr1MmEU9fCRc4EsA.woff2	application/octet-stream
openc3-cosmos-init/plugins/packages/openc3-tool-base/public/fonts/roboto/KFOlCnqEu92Fr1MmEU9fChc4EsA.woff2	application/octet-stream
openc3-cosmos-init/plugins/packages/openc3-tool-base/public/fonts/roboto/KFOlCnqEu92Fr1MmEU9fCxc4EsA.woff2	application/octet-stream
openc3-cosmos-init/plugins/packages/openc3-tool-base/public/fonts/roboto/KFOlCnqEu92Fr1MmSU5fABc4EsA.woff2	application/octet-stream
openc3-cosmos-init/plugins/packages/openc3-tool-base/public/fonts/roboto/KFOlCnqEu92Fr1MmSU5fBBc4.woff2	application/octet-stream
openc3-cosmos-init/plugins/packages/openc3-tool-base/public/fonts/roboto/KFOlCnqEu92Fr1MmSU5fBxc4EsA.woff2	application/octet-stream
openc3-cosmos-init/plugins/packages/openc3-tool-base/public/fonts/roboto/KFOlCnqEu92Fr1MmSU5fCBc4EsA.woff2	application/octet-stream
openc3-cosmos-init/plugins/packages/openc3-tool-base/public/fonts/roboto/KFOlCnqEu92Fr1MmSU5fCRc4EsA.woff2	application/octet-stream
openc3-cosmos-init/plugins/packages/openc3-tool-base/public/fonts/roboto/KFOlCnqEu92Fr1MmSU5fChc4EsA.woff2	application/octet-stream
openc3-cosmos-init/plugins/packages/openc3-tool-base/public/fonts/roboto/KFOlCnqEu92Fr1MmSU5fCxc4EsA.woff2	application/octet-stream
openc3-cosmos-init/plugins/packages/openc3-tool-base/public/fonts/roboto/KFOlCnqEu92Fr1MmWUlfABc4EsA.woff2	application/octet-stream
openc3-cosmos-init/plugins/packages/openc3-tool-base/public/fonts/roboto/KFOlCnqEu92Fr1MmWUlfBBc4.woff2	application/octet-stream
openc3-cosmos-init/plugins/packages/openc3-tool-base/public/fonts/roboto/KFOlCnqEu92Fr1MmWUlfBxc4EsA.woff2	application/octet-stream
openc3-cosmos-init/plugins/packages/openc3-tool-base/public/fonts/roboto/KFOlCnqEu92Fr1MmWUlfCBc4EsA.woff2	application/octet-stream
openc3-cosmos-init/plugins/packages/openc3-tool-base/public/fonts/roboto/KFOlCnqEu92Fr1MmWUlfCRc4EsA.woff2	application/octet-stream
openc3-cosmos-init/plugins/packages/openc3-tool-base/public/fonts/roboto/KFOlCnqEu92Fr1MmWUlfChc4EsA.woff2	application/octet-stream
openc3-cosmos-init/plugins/packages/openc3-tool-base/public/fonts/roboto/KFOlCnqEu92Fr1MmWUlfCxc4EsA.woff2	application/octet-stream
openc3-cosmos-init/plugins/packages/openc3-tool-base/public/fonts/roboto/KFOlCnqEu92Fr1MmYUtfABc4EsA.woff2	application/octet-stream
openc3-cosmos-init/plugins/packages/openc3-tool-base/public/fonts/roboto/KFOlCnqEu92Fr1MmYUtfBBc4.woff2	application/octet-stream
openc3-cosmos-init/plugins/packages/openc3-tool-base/public/fonts/roboto/KFOlCnqEu92Fr1MmYUtfBxc4EsA.woff2	application/octet-stream
openc3-cosmos-init/plugins/packages/openc3-tool-base/public/fonts/roboto/KFOlCnqEu92Fr1MmYUtfCBc4EsA.woff2	application/octet-stream
openc3-cosmos-init/plugins/packages/openc3-tool-base/public/fonts/roboto/KFOlCnqEu92Fr1MmYUtfCRc4EsA.woff2	application/octet-stream
openc3-cosmos-init/plugins/packages/openc3-tool-base/public/fonts/roboto/KFOlCnqEu92Fr1MmYUtfChc4EsA.woff2	application/octet-stream
openc3-cosmos-init/plugins/packages/openc3-tool-base/public/fonts/roboto/KFOlCnqEu92Fr1MmYUtfCxc4EsA.woff2	application/octet-stream
openc3-cosmos-init/plugins/packages/openc3-tool-base/public/fonts/roboto/KFOmCnqEu92Fr1Mu4WxKOzY.woff2	application/octet-stream
openc3-cosmos-init/plugins/packages/openc3-tool-base/public/fonts/roboto/KFOmCnqEu92Fr1Mu4mxK.woff2	application/octet-stream
openc3-cosmos-init/plugins/packages/openc3-tool-base/public/fonts/roboto/KFOmCnqEu92Fr1Mu5mxKOzY.woff2	application/octet-stream
openc3-cosmos-init/plugins/packages/openc3-tool-base/public/fonts/roboto/KFOmCnqEu92Fr1Mu72xKOzY.woff2	application/octet-stream
openc3-cosmos-init/plugins/packages/openc3-tool-base/public/fonts/roboto/KFOmCnqEu92Fr1Mu7GxKOzY.woff2	application/octet-stream
openc3-cosmos-init/plugins/packages/openc3-tool-base/public/fonts/roboto/KFOmCnqEu92Fr1Mu7WxKOzY.woff2	application/octet-stream
openc3-cosmos-init/plugins/packages/openc3-tool-base/public/fonts/roboto/KFOmCnqEu92Fr1Mu7mxKOzY.woff2	application/octet-stream
openc3-cosmos-init/plugins/packages/openc3-tool-base/public/icons/customIcons.svg	image/svg+xml
openc3-cosmos-init/plugins/packages/openc3-tool-base/public/icons/status-dark.png	image/png
openc3-cosmos-init/plugins/packages/openc3-tool-base/public/icons/status-light.png	image/png
openc3-cosmos-init/plugins/packages/openc3-tool-base/public/img/COSMOS.svg	image/svg+xml
openc3-cosmos-init/plugins/packages/openc3-tool-base/public/img/astro-logo-small-dark.svg	image/svg+xml
openc3-cosmos-init/plugins/packages/openc3-tool-base/public/img/astro-logo-small-light.svg	image/svg+xml
openc3-cosmos-init/plugins/packages/openc3-tool-base/public/img/ground_error.gif	image/gif
openc3-cosmos-init/plugins/packages/openc3-tool-base/public/img/ground_off.gif	image/gif
openc3-cosmos-init/plugins/packages/openc3-tool-base/public/img/ground_on.gif	image/gif
openc3-cosmos-init/plugins/packages/openc3-tool-base/public/img/icon.png	image/png
openc3-cosmos-init/plugins/packages/openc3-tool-base/public/img/icons.svg	image/svg+xml
openc3-cosmos-init/plugins/packages/openc3-tool-base/public/img/logo.png	image/png
openc3-cosmos-init/plugins/packages/openc3-tool-base/public/img/satellite.gif	image/gif
openc3-cosmos-init/plugins/packages/openc3-vue-common/public/icons/status-dark.png	image/png
openc3-cosmos-init/plugins/packages/openc3-vue-common/public/icons/status-dark.xcf	image/x-xcf
openc3-cosmos-init/plugins/packages/openc3-vue-common/public/icons/status-light.png	image/png
openc3-redis/valkey-9.0.4.tar.gz	application/gzip
openc3-ruby/anycable-go-linux-amd64	application/x-executable
openc3-ruby/anycable-go-linux-arm64	application/x-executable
openc3-ruby/htop-3.4.1.tar.gz	application/gzip
openc3-ruby/libcsp-6b6e2dd2870bd1f8ab4516123f1fa255d6c1b632.zip	application/zip
openc3-ruby/libsocketcan-0.0.12.tar.gz	application/gzip
openc3-ruby/libzmq-34f7fa22022bed9e0e390ed3580a1c83ac4a2834.zip	application/zip
openc3-ruby/rbspy-x86_64-unknown-linux-gnu-0.39.0.tar.gz	application/gzip
openc3-ruby/ruby-3.4.7.tar.gz	application/gzip
openc3-ruby/tini-0.19.0.tar.gz	application/gzip
openc3/python/test/interfaces/protocols/2025_05_01_12_00_00_tlm.bin	application/octet-stream
openc3/spec/install/config/targets/INST/public/spiral.jpg	image/jpeg
openc3/spec/interfaces/protocols/2025_05_01_12_00_00_tlm.bin	application/octet-stream
openc3/templates/tool_angular/src/favicon.ico	image/png
